Internal reference;Last Name;First Name;Job Title;Seniority;Bench Start;Bench End;Duration (days);Previous Client;Previous Project;Previous Project End;Next Client;Next Project;Next Project Start;Outcome;Primary Skills;Agency;Country
BEN00418;Kowalski;Andrei;Java Developer;Medior;26/03/2026;31/03/2026;5;Ageas;Java Developer - Ageas;26/04/2025;;;;Placed on new project;Java, Spring Boot, Maven, PostgreSQL, JUnit;Movify SRL;Belgium
BEN00417;Girard;Margaux;Angular Developer;Senior;21/02/2026;11/03/2026;18;RTBF;Angular Developer - RTBF;03/11/2023;;;;Placed on new project;Angular, TypeScript, RxJS, NgRx, Jasmine;Movify SRL;Belgium
BEN00416;Gérard;Yannick;Angular Developer;Medior;12/02/2026;26/02/2026;14;ING;Angular Developer - ING;11/05/2023;;;;Placed on new project;Angular, TypeScript, RxJS, NgRx, Jasmine;Movify SRL;Belgium
BEN00415;De Wit;Pieter-Jan;Agile Coach;Senior;10/02/2026;03/03/2026;21;BNP Paribas Fortis;Agile Coach - BNP Paribas Fortis;22/06/2025;;;;Placed on new project;SAFe, Agile, Coaching, Change Management;Movify SRL;Belgium
BEN00414;Janssens;Katrien;.NET Developer;Senior;30/01/2026;18/02/2026;19;Telenet;.NET Developer - Telenet;17/08/2025;;;;Placed on new project;.NET, C#, ASP.NET, SQL Server, Azure;Movify SRL;Belgium
BEN00413;Kowalski;Andrei;Java Developer;Senior;25/01/2026;12/02/2026;18;Ageas;Java Developer - Ageas;26/04/2025;;;;Placed on new project;Java, Spring Boot, Maven, PostgreSQL, JUnit;Movify SRL;Belgium
BEN00412;Chen;Dmitri;Front-End Developer;Medior;19/01/2026;28/01/2026;9;;;;Euroclear;Front-End Developer;13/03/2026;Placed on new project;JavaScript, TypeScript, HTML/CSS, React, Tailwind;Movify SRL;Belgium
BEN00411;Peeters;Els;React Developer;Medior;22/12/2025;16/01/2026;25;UCB;React Developer - UCB;06/06/2023;;;;Placed on new project;React, TypeScript, Next.js, Tailwind, Jest;Movify SRL;Belgium
BEN00410;Costa;Leila;Product Designer;Senior;17/12/2025;04/02/2026;49;Sibelga;Product Designer;20/08/2025;;;;Placed on new project;Figma, Design Systems, Prototyping, User Research;Movify SRL;Belgium
BEN00409;Desmet;Niels;Angular Developer;Senior;17/12/2025;22/01/2026;36;Acerta;Angular Developer;31/08/2025;;;;Placed on new project;Angular, TypeScript, RxJS, NgRx, Jasmine;Movify SRL;Belgium
BEN00408;Vandamme;Ine;AI Engineer;Medior;16/12/2025;09/02/2026;55;Brussels Mobility;AI Engineer;05/08/2024;;;;Placed on new project;Python, LangChain, OpenAI API, RAG, Vector DB;Movify SRL;Belgium
BEN00407;Wauters;Noémie;Angular Developer;Medior;15/12/2025;17/01/2026;33;;;;Colruyt;Angular Developer;24/01/2026;Placed on new project;Angular, TypeScript, RxJS, NgRx, Jasmine;Movify SRL;Belgium
BEN00406;Henry;Cédric;DevOps Engineer;Senior;12/12/2025;10/01/2026;29;ING;DevOps Engineer - ING;12/06/2025;;;;Placed on new project;AWS, Kubernetes, Terraform, CI/CD, Docker;Movify SRL;Belgium
BEN00405;Gérard;Yannick;Angular Developer;Senior;11/12/2025;07/02/2026;58;ING;Angular Developer - ING;11/05/2023;;;;Placed on new project;Angular, TypeScript, RxJS, NgRx, Jasmine;Movify SRL;Belgium
BEN00404;Cools;Ine;Front-End Developer;Medior;03/12/2025;19/02/2026;78;FPS BOSA;Front-End Developer - FPS BOSA;02/12/2025;;;;Left company;JavaScript, TypeScript, HTML/CSS, React, Tailwind;Movify SRL;Belgium
BEN00403;Faure;Camille;UX Designer;Senior;27/11/2025;07/12/2025;10;Golden Palace Casino;UX Designer - Golden Palace Casino;27/04/2025;;;;Left company;Figma, User Research, Journey Mapping, Usability Testing;Movify SRL;Belgium
BEN00402;Peeters;Els;React Developer;Medior;23/11/2025;08/12/2025;15;UCB;React Developer - UCB;06/06/2023;;;;Placed on new project;React, TypeScript, Next.js, Tailwind, Jest;Movify SRL;Belgium
BEN00401;Wauters;Noémie;Angular Developer;Medior;14/11/2025;01/12/2025;17;;;;Colruyt;Angular Developer;24/01/2026;Placed on new project;Angular, TypeScript, RxJS, NgRx, Jasmine;Movify SRL;Belgium
BEN00400;Roux;Elise;React Developer;Senior;19/10/2025;06/11/2025;18;TotalEnergies;React Developer;30/06/2024;TotalEnergies;React Developer;10/01/2026;Placed on new project;React, TypeScript, Next.js, Tailwind, Jest;Movify SRL;Belgium
BEN00399;Rossi;Karim;Android Developer;Medior;19/09/2025;15/03/2026;177;Proximus;Android Developer - Proximus;18/09/2025;;;;Left company;Kotlin, Android, Jetpack Compose, Gradle;Movify SRL;Belgium
BEN00398;Morel;Antoine;Full-Stack Developer;Medior;26/08/2025;12/10/2025;47;Fluvius;Full-Stack Developer - Fluvius;24/12/2024;Colruyt;Full-Stack Developer;13/10/2025;Placed on new project;JavaScript, TypeScript, React, Node.js, PostgreSQL, REST API;Movify SRL;Belgium
BEN00397;Leroy;Elise;Product Manager;Senior;23/08/2025;18/09/2025;26;UCB;Product Manager - UCB;06/04/2024;UCB;Product Manager - UCB;19/09/2025;Placed on new project;Roadmapping, User Research, Analytics, Strategy;Movify SRL;Belgium
BEN00396;Pauwels;Tim;iOS Developer;Senior;23/08/2025;21/11/2025;90;VRT;iOS Developer - VRT;17/06/2025;VRT;Front-End Developer;03/03/2026;Placed on new project;Swift, SwiftUI, iOS, Xcode, Combine;Movify SRL;Belgium
BEN00395;Mertens;Wout;Test Automation Engineer;Medior;20/08/2025;15/10/2025;56;Belfius;Test Automation Engineer;19/08/2025;;;;Left company;Cypress, Playwright, CI/CD, Python;Movify SRL;Belgium
BEN00394;Michel;Romain;Functional Analyst;Medior;18/08/2025;23/10/2025;66;ING;Functional Analyst - ING;27/04/2025;ING;Solution Architect;25/02/2026;Placed on new project;Functional Analysis, UML, Requirements, Jira;Movify SRL;Belgium
BEN00393;De Backer;Julie;Scrum Master;Medior;18/08/2025;21/09/2025;34;Luminus;Scrum Master - Luminus;29/11/2023;Elia;UX Designer - Elia;22/09/2025;Placed on new project;Scrum, Agile, Jira, Facilitation;Movify SRL;Belgium
BEN00392;Luyten;Dries;UX/UI Designer;Junior;14/08/2025;05/11/2025;83;;;;Alpha Credit;UX/UI Designer - Alpha Credit;06/11/2025;Placed on new project;Figma, Design Systems, User Research, Prototyping;Movify SRL;Belgium
BEN00391;Aerts;Tine;React Developer;Medior;13/08/2025;14/11/2025;93;Orange Belgium;React Developer;11/03/2025;;;;Placed on new project;React, TypeScript, Next.js, Tailwind, Jest;Movify SRL;Belgium
BEN00390;Gérard;Antoine;React Developer;Senior;12/08/2025;05/09/2025;24;;;;P&V Assurances;React Developer;06/09/2025;Placed on new project;React, TypeScript, Next.js, Tailwind, Jest;Movify SRL;Belgium
BEN00389;Vandamme;Ine;AI Engineer;Senior;10/08/2025;05/11/2025;87;Brussels Mobility;AI Engineer;05/08/2024;;;;Placed on new project;Python, LangChain, OpenAI API, RAG, Vector DB;Movify SRL;Belgium
BEN00388;Peeters;Els;React Developer;Senior;05/08/2025;02/10/2025;58;UCB;React Developer - UCB;06/06/2023;;;;Placed on new project;React, TypeScript, Next.js, Tailwind, Jest;Movify SRL;Belgium
BEN00387;Hubert;Mélanie;Functional Analyst;Medior;04/08/2025;04/09/2025;31;Proximus;Functional Analyst;21/07/2025;Proximus;UX/UI Designer;05/09/2025;Placed on new project;Functional Analysis, UML, Requirements, Jira;Movify SRL;Belgium
BEN00386;Morel;Antoine;Full-Stack Developer;Medior;02/08/2025;12/10/2025;71;Fluvius;Full-Stack Developer - Fluvius;24/12/2024;Colruyt;Full-Stack Developer;13/10/2025;Placed on new project;JavaScript, TypeScript, React, Node.js, PostgreSQL, REST API;Movify SRL;Belgium
BEN00385;Hubert;Mélanie;Functional Analyst;Medior;01/08/2025;04/09/2025;34;Proximus;Functional Analyst;21/07/2025;Proximus;UX/UI Designer;05/09/2025;Placed on new project;Functional Analysis, UML, Requirements, Jira;Movify SRL;Belgium
BEN00384;Nijs;Thomas;ML Engineer;Senior;30/07/2025;03/09/2025;35;Proximus;ML Engineer;02/06/2024;;;;Placed on new project;Python, PyTorch, MLflow, Kubeflow;Movify SRL;Belgium
BEN00383;Gérard;Yannick;Angular Developer;Medior;30/07/2025;13/09/2025;45;ING;Angular Developer - ING;11/05/2023;;;;Placed on new project;Angular, TypeScript, RxJS, NgRx, Jasmine;Movify SRL;Belgium
BEN00382;Vermeersch;Tim;Python Developer;Medior;30/07/2025;25/08/2025;26;Elia;Python Developer;25/07/2025;Elia;Business Analyst - Elia;28/08/2025;Placed on new project;Python, Django, FastAPI, PostgreSQL, pytest;Movify SRL;Belgium
BEN00381;Fournier;Grégoire;BI Analyst;Senior;23/07/2025;24/07/2025;1;Janssen Pharmaceutica;BI Analyst - Janssen Pharmaceutica;29/11/2024;;;;Left company;Power BI, Tableau, SQL, DAX;Movify SRL;Belgium
BEN00380;De Wit;Pieter-Jan;Agile Coach;Senior;21/07/2025;28/08/2025;38;BNP Paribas Fortis;Agile Coach - BNP Paribas Fortis;22/06/2025;;;;Placed on new project;SAFe, Agile, Coaching, Change Management;Movify SRL;Belgium
BEN00379;Van Hove;Emma;Senior Product Owner;Senior;19/07/2025;31/08/2025;43;;;;Brussels Mobility;Senior Product Owner - Brussels Mobility;30/12/2025;Placed on new project;Agile, Scrum, Jira, Product Discovery, OKRs;Movify SRL;Belgium
BEN00378;Maes;Jonas;Scrum Master;Medior;19/07/2025;28/08/2025;40;;;;GSK;Scrum Master;06/10/2025;Placed on new project;Scrum, Agile, Jira, Facilitation;Movify SRL;Belgium
BEN00377;Faure;Camille;UX Designer;Medior;16/07/2025;12/09/2025;58;Golden Palace Casino;UX Designer - Golden Palace Casino;27/04/2025;;;;Placed on new project;Figma, User Research, Journey Mapping, Usability Testing;Movify SRL;Belgium
BEN00376;Fournier;Grégoire;BI Analyst;Senior;16/07/2025;24/07/2025;8;Janssen Pharmaceutica;BI Analyst - Janssen Pharmaceutica;29/11/2024;;;;Left company;Power BI, Tableau, SQL, DAX;Movify SRL;Belgium
BEN00375;Van den Berg;Stefaan;Business Analyst;Senior;14/07/2025;28/07/2025;14;Ageas;Business Analyst - Ageas;13/07/2025;;;;Left company;Business Analysis, BPMN, SQL, Requirements;Movify SRL;Belgium
BEN00374;Luyten;Katrien;iOS Developer;Senior;10/07/2025;23/08/2025;44;BNP Paribas Fortis;iOS Developer;15/04/2025;BNP Paribas Fortis;Technical Analyst - BNP Paribas Fortis;24/12/2025;Placed on new project;Swift, SwiftUI, iOS, Xcode, Combine;Movify SRL;Belgium
BEN00373;Thiry;Grégoire;QA Engineer;Medior;05/07/2025;23/08/2025;49;KBC;QA Engineer - KBC;05/07/2024;;;;Left company;Test Plans, Selenium, Cypress, Jira;Movify SRL;Belgium
BEN00372;Lenoir;Mélanie;Data Scientist;Junior;28/06/2025;03/12/2025;158;Colruyt;Data Scientist;27/06/2025;;;;Left company;Python, scikit-learn, Pandas, Statistics, SQL;Movify SRL;Belgium
BEN00371;Peeters;Els;React Developer;Medior;27/06/2025;18/07/2025;21;UCB;React Developer - UCB;06/06/2023;;;;Placed on new project;React, TypeScript, Next.js, Tailwind, Jest;Movify SRL;Belgium
BEN00370;Fournier;Grégoire;BI Analyst;Senior;26/06/2025;15/07/2025;19;Janssen Pharmaceutica;BI Analyst - Janssen Pharmaceutica;29/11/2024;;;;Left company;Power BI, Tableau, SQL, DAX;Movify SRL;Belgium
BEN00369;Chen;Dmitri;Front-End Developer;Senior;25/06/2025;06/07/2025;11;;;;Euroclear;Front-End Developer;13/03/2026;Placed on new project;JavaScript, TypeScript, HTML/CSS, React, Tailwind;Movify SRL;Belgium
BEN00368;Henry;Cédric;DevOps Engineer;Medior;19/06/2025;08/07/2025;19;ING;DevOps Engineer - ING;12/06/2025;;;;Placed on new project;AWS, Kubernetes, Terraform, CI/CD, Docker;Movify SRL;Belgium
BEN00367;Nguyen;Daniel;Cloud Engineer (AWS);Medior;02/06/2025;12/06/2025;10;Delhaize;Cloud Engineer (AWS);12/01/2025;P&V Assurances;Cloud Engineer (AWS);01/10/2025;Placed on new project;AWS, Terraform, Lambda, CloudFormation, S3;Movify SRL;Belgium
BEN00366;Noël;Alexandre;Product Manager;Junior;31/05/2025;07/06/2025;7;Lotus Bakeries;Product Manager - Lotus Bakeries;02/03/2025;;;;Placed on new project;Roadmapping, User Research, Analytics, Strategy;Movify SRL;Belgium
BEN00365;Nijs;Thomas;ML Engineer;Senior;29/05/2025;15/06/2025;17;Proximus;ML Engineer;02/06/2024;;;;Placed on new project;Python, PyTorch, MLflow, Kubeflow;Movify SRL;Belgium
BEN00364;Laurent;Margaux;Service Designer;Medior;22/05/2025;11/06/2025;20;VRT;Service Designer - VRT;27/12/2024;;;;Placed on new project;Service Blueprinting, Journey Mapping, Co-creation;Movify SRL;Belgium
BEN00363;Leroy;Elise;Product Manager;Medior;19/05/2025;05/06/2025;17;UCB;Product Manager - UCB;06/04/2024;UCB;Product Manager - UCB;19/09/2025;Placed on new project;Roadmapping, User Research, Analytics, Strategy;Movify SRL;Belgium
BEN00362;Coppens;Robin;Project Manager;Junior;02/05/2025;15/05/2025;13;Fluvius;Project Manager;27/10/2023;Ageas;Project Manager - Ageas;16/10/2025;Placed on new project;Prince2, MS Project, Stakeholder Management, Risk Management;Movify SRL;Belgium
BEN00361;Leroy;Elise;Product Manager;Senior;28/04/2025;06/05/2025;8;UCB;Product Manager - UCB;06/04/2024;UCB;Product Manager - UCB;19/09/2025;Placed on new project;Roadmapping, User Research, Analytics, Strategy;Movify SRL;Belgium
BEN00360;Aerts;Tine;React Developer;Medior;15/04/2025;03/05/2025;18;Orange Belgium;React Developer;11/03/2025;;;;Placed on new project;React, TypeScript, Next.js, Tailwind, Jest;Movify SRL;Belgium
BEN00359;Nguyen;Daniel;Cloud Engineer (AWS);Medior;14/04/2025;28/04/2025;14;Delhaize;Cloud Engineer (AWS);12/01/2025;P&V Assurances;Cloud Engineer (AWS);01/10/2025;Placed on new project;AWS, Terraform, Lambda, CloudFormation, S3;Movify SRL;Belgium
BEN00358;Wauters;Noémie;Angular Developer;Medior;10/04/2025;22/04/2025;12;;;;Colruyt;Angular Developer;24/01/2026;Placed on new project;Angular, TypeScript, RxJS, NgRx, Jasmine;Movify SRL;Belgium
BEN00357;De Wit;Lisa;Python Developer;Senior;31/03/2025;13/04/2025;13;;;;UCB;Python Developer;14/04/2025;Placed on new project;Python, Django, FastAPI, PostgreSQL, pytest;Movify SRL;Belgium
BEN00356;Moreau;Alexandre;Full-Stack Developer;Medior;02/03/2025;22/03/2025;20;;;;Smals;Full-Stack Developer;18/01/2026;Placed on new project;JavaScript, TypeScript, React, Node.js, PostgreSQL, REST API;Movify SRL;Belgium
BEN00355;Gérard;Antoine;React Developer;Medior;27/02/2025;16/03/2025;17;;;;P&V Assurances;React Developer;06/09/2025;Placed on new project;React, TypeScript, Next.js, Tailwind, Jest;Movify SRL;Belgium
BEN00354;De Smet;Lars;Full-Stack Developer;Senior;23/02/2025;11/03/2025;16;KBC;Full-Stack Developer;09/07/2024;UCB;Full-Stack Developer - UCB;21/06/2025;Placed on new project;JavaScript, TypeScript, React, Node.js, PostgreSQL, REST API;Movify SRL;Belgium
BEN00353;Nguyen;Daniel;Cloud Engineer (AWS);Senior;13/02/2025;24/02/2025;11;Delhaize;Cloud Engineer (AWS);12/01/2025;P&V Assurances;Cloud Engineer (AWS);01/10/2025;Placed on new project;AWS, Terraform, Lambda, CloudFormation, S3;Movify SRL;Belgium
BEN00352;Claes;Sara;Cloud Engineer (AWS);Senior;02/02/2025;21/02/2025;19;;;;BNP Paribas Fortis;Cloud Engineer (AWS);29/03/2025;Placed on new project;AWS, Terraform, Lambda, CloudFormation, S3;Movify SRL;Belgium
BEN00351;De Backer;Sofie;BI Analyst;Medior;31/01/2025;07/06/2025;127;Brussels Mobility;BI Analyst;30/01/2025;;;;Left company;Power BI, Tableau, SQL, DAX;Movify SRL;Belgium
BEN00350;Charlier;Yannick;Cloud Engineer (AWS);Senior;18/01/2025;31/01/2025;13;Colruyt;Cloud Engineer (AWS) - Colruyt;02/07/2023;Colruyt;Tech Lead;03/03/2025;Placed on new project;AWS, Terraform, Lambda, CloudFormation, S3;Movify SRL;Belgium
BEN00349;Jacobs;Lore;Business Analyst;Medior;18/01/2025;07/02/2025;20;Orange Belgium;Business Analyst - Orange Belgium;09/07/2021;UCB;Full-Stack Developer;03/05/2025;Placed on new project;Business Analysis, BPMN, SQL, Requirements;Movify SRL;Belgium
BEN00348;Van Damme;Lisa;Design System Lead;Medior;08/01/2025;23/01/2025;15;Colruyt;Design System Lead;11/06/2023;Colruyt;Design System Lead - Colruyt;01/04/2025;Placed on new project;Figma, Design Tokens, Storybook, Accessibility;Movify SRL;Belgium
BEN00347;Willems;Pieter;UI Designer;Medior;28/12/2024;10/04/2025;103;Janssen Pharmaceutica;UI Designer - Janssen Pharmaceutica;27/12/2024;;;;Left company;Figma, Visual Design, Typography, Design Systems;Movify SRL;Belgium
BEN00346;Van Hove;Emma;Senior Product Owner;Lead;24/12/2024;08/02/2025;46;;;;Brussels Mobility;Senior Product Owner - Brussels Mobility;30/12/2025;Placed on new project;Agile, Scrum, Jira, Product Discovery, OKRs;Movify SRL;Belgium
BEN00345;De Backer;Maarten;Delivery Manager;Senior;21/12/2024;01/02/2025;42;Orange Belgium;Delivery Manager - Orange Belgium;14/09/2022;Orange Belgium;iOS Developer;20/06/2025;Placed on new project;Agile, SAFe, Stakeholder Management, Delivery Planning;Movify SRL;Belgium
BEN00344;De Backer;Bram;DevOps Engineer;Senior;15/12/2024;10/01/2025;26;AXA Belgium;DevOps Engineer - AXA Belgium;16/12/2022;Euroclear;Cloud Engineer (Azure);11/01/2025;Placed on new project;AWS, Kubernetes, Terraform, CI/CD, Docker;Movify SRL;Belgium
BEN00343;Girard;Margaux;Angular Developer;Lead;07/12/2024;03/01/2025;27;RTBF;Angular Developer - RTBF;03/11/2023;;;;Placed on new project;Angular, TypeScript, RxJS, NgRx, Jasmine;Movify SRL;Belgium
BEN00342;De Wit;Lisa;Python Developer;Medior;07/12/2024;17/01/2025;41;;;;UCB;Python Developer;14/04/2025;Placed on new project;Python, Django, FastAPI, PostgreSQL, pytest;Movify SRL;Belgium
BEN00341;De Wit;Wout;Front-End Developer;Medior;05/12/2024;01/02/2025;58;Smals;Front-End Developer;16/01/2024;ING;Back-End Developer - ING;06/05/2025;Placed on new project;JavaScript, TypeScript, HTML/CSS, React, Tailwind;Movify SRL;Belgium
BEN00340;Mertens;Wout;Site Reliability Engineer;Medior;05/12/2024;26/12/2024;21;Luminus;Site Reliability Engineer - Luminus;14/11/2024;Belfius;Test Automation Engineer;16/02/2025;Placed on new project;Kubernetes, Prometheus, Grafana, Incident response;Movify SRL;Belgium
BEN00339;De Wit;Pieter-Jan;Agile Coach;Senior;04/12/2024;19/01/2025;46;;;;BNP Paribas Fortis;Agile Coach - BNP Paribas Fortis;28/03/2025;Placed on new project;SAFe, Agile, Coaching, Change Management;Movify SRL;Belgium
BEN00338;Fournier;Grégoire;BI Analyst;Senior;30/11/2024;13/05/2025;164;Janssen Pharmaceutica;BI Analyst - Janssen Pharmaceutica;29/11/2024;;;;Left company;Power BI, Tableau, SQL, DAX;Movify SRL;Belgium
BEN00337;Costa;Aïcha;Back-End Developer;Lead;26/11/2024;21/02/2025;87;BNP Paribas Fortis;Back-End Developer;25/11/2024;;;;Left company;Java, Spring Boot, PostgreSQL, REST API, Docker;Movify SRL;Belgium
BEN00336;Willems;Febe;React Developer;Medior;22/11/2024;30/05/2025;189;FPS BOSA;React Developer - FPS BOSA;21/11/2024;;;;Left company;React, TypeScript, Next.js, Tailwind, Jest;Movify SRL;Belgium
BEN00335;Maes;Jonas;Scrum Master;Senior;12/11/2024;28/11/2024;16;;;;GSK;Scrum Master;06/10/2025;Placed on new project;Scrum, Agile, Jira, Facilitation;Movify SRL;Belgium
BEN00334;Boone;Anouk;Full-Stack Developer;Medior;06/11/2024;08/11/2024;2;Ores;Full-Stack Developer;05/11/2023;;;;Left company;JavaScript, TypeScript, React, Node.js, PostgreSQL, REST API;Movify SRL;Belgium
BEN00333;Van Hove;Emma;Senior Product Owner;Medior;01/11/2024;10/11/2024;9;;;;Brussels Mobility;Senior Product Owner - Brussels Mobility;30/12/2025;Placed on new project;Agile, Scrum, Jira, Product Discovery, OKRs;Movify SRL;Belgium
BEN00332;Helsen;Hanne;Senior Product Owner;Medior;27/10/2024;18/05/2025;203;SPW;Senior Product Owner - SPW;26/10/2024;;;;Left company;Agile, Scrum, Jira, Product Discovery, OKRs;Movify SRL;Belgium
BEN00331;Verhoeven;Griet;UX/UI Designer;Junior;21/10/2024;05/11/2024;15;AXA Belgium;UX/UI Designer;04/08/2024;VRT;iOS Developer - VRT;24/11/2024;Placed on new project;Figma, Design Systems, User Research, Prototyping;Movify SRL;Belgium
BEN00330;Van den Berg;Stefaan;Business Analyst;Senior;25/08/2024;01/10/2024;37;Ageas;Business Analyst;31/03/2024;Ageas;Business Analyst - Ageas;09/10/2024;Placed on new project;Business Analysis, BPMN, SQL, Requirements;Movify SRL;Belgium
BEN00329;Moreau;Alexandre;Full-Stack Developer;Medior;23/08/2024;16/10/2024;54;;;;Smals;Full-Stack Developer;18/01/2026;Placed on new project;JavaScript, TypeScript, React, Node.js, PostgreSQL, REST API;Movify SRL;Belgium
BEN00328;De Smet;Lars;Full-Stack Developer;Junior;20/08/2024;29/09/2024;40;KBC;Full-Stack Developer;09/07/2024;UCB;Full-Stack Developer - UCB;21/06/2025;Placed on new project;JavaScript, TypeScript, React, Node.js, PostgreSQL, REST API;Movify SRL;Belgium
BEN00327;Verhoeven;Griet;UX/UI Designer;Senior;20/08/2024;28/09/2024;39;AXA Belgium;UX/UI Designer;04/08/2024;VRT;iOS Developer - VRT;24/11/2024;Placed on new project;Figma, Design Systems, User Research, Prototyping;Movify SRL;Belgium
BEN00326;Leclercq;Sarah;Security Engineer;Senior;17/08/2024;21/09/2024;35;;;;Golden Palace Casino;Security Engineer - Golden Palace Casino;25/10/2024;Placed on new project;NIS2, Penetration Testing, OWASP, SIEM;Movify SRL;Belgium
BEN00325;Charlier;Hugo;Business Analyst;Medior;15/08/2024;14/09/2024;30;SPW;Business Analyst - SPW;26/01/2023;Colruyt;.NET Developer - Colruyt;01/12/2024;Placed on new project;Business Analysis, BPMN, SQL, Requirements;Movify SRL;Belgium
BEN00324;Jacobs;Lore;Business Analyst;Senior;12/08/2024;02/09/2024;21;Orange Belgium;Business Analyst - Orange Belgium;09/07/2021;UCB;Full-Stack Developer;03/05/2025;Placed on new project;Business Analysis, BPMN, SQL, Requirements;Movify SRL;Belgium
BEN00323;Wauters;Noémie;Angular Developer;Lead;09/08/2024;27/09/2024;49;;;;Colruyt;Angular Developer;24/01/2026;Placed on new project;Angular, TypeScript, RxJS, NgRx, Jasmine;Movify SRL;Belgium
BEN00322;Girard;Margaux;Angular Developer;Medior;07/08/2024;03/09/2024;27;RTBF;Angular Developer - RTBF;03/11/2023;;;;Placed on new project;Angular, TypeScript, RxJS, NgRx, Jasmine;Movify SRL;Belgium
BEN00321;Chen;Lucas;Full-Stack Developer;Senior;01/08/2024;04/09/2024;34;;;;Colruyt;Full-Stack Developer;02/07/2025;Placed on new project;JavaScript, TypeScript, React, Node.js, PostgreSQL, REST API;Movify SRL;Belgium
BEN00320;Desmet;Lotte;UI Designer;Lead;29/07/2024;10/09/2024;43;;;;UCB;UI Designer;31/12/2024;Placed on new project;Figma, Visual Design, Typography, Design Systems;Movify SRL;Belgium
BEN00319;Van Hove;Emma;Senior Product Owner;Medior;28/07/2024;21/09/2024;55;;;;Brussels Mobility;Senior Product Owner - Brussels Mobility;30/12/2025;Placed on new project;Agile, Scrum, Jira, Product Discovery, OKRs;Movify SRL;Belgium
BEN00318;Goossens;Bert;Data Engineer;Senior;23/07/2024;14/08/2024;22;;;;;;;Placed on new project;Python, SQL, Airflow, dbt, Snowflake;Movify SRL;Belgium
BEN00317;Van Hove;Emma;Senior Product Owner;Lead;12/07/2024;22/08/2024;41;;;;Brussels Mobility;Senior Product Owner - Brussels Mobility;30/12/2025;Placed on new project;Agile, Scrum, Jira, Product Discovery, OKRs;Movify SRL;Belgium
BEN00316;Chen;Dmitri;Front-End Developer;Lead;11/07/2024;05/08/2024;25;;;;Euroclear;Front-End Developer;13/03/2026;Placed on new project;JavaScript, TypeScript, HTML/CSS, React, Tailwind;Movify SRL;Belgium
BEN00315;De Backer;Julie;Scrum Master;Senior;11/07/2024;21/08/2024;41;Luminus;Scrum Master - Luminus;29/11/2023;Elia;UX Designer - Elia;22/09/2025;Placed on new project;Scrum, Agile, Jira, Facilitation;Movify SRL;Belgium
BEN00314;Rossi;Karim;Android Developer;Medior;06/07/2024;28/08/2024;53;;;;Proximus;Android Developer - Proximus;11/03/2025;Placed on new project;Kotlin, Android, Jetpack Compose, Gradle;Movify SRL;Belgium
BEN00313;Aerts;Leen;Java Developer;Senior;04/07/2024;08/08/2024;35;De Lijn;Java Developer;09/04/2022;Alpha Credit;Python Developer;11/11/2024;Placed on new project;Java, Spring Boot, Maven, PostgreSQL, JUnit;Movify SRL;Belgium
BEN00312;Peeters;Karel;UX/UI Designer;Medior;01/07/2024;28/08/2024;58;ING;UX/UI Designer;18/08/2023;ING;UX/UI Designer - ING;18/10/2024;Placed on new project;Figma, Design Systems, User Research, Prototyping;Movify SRL;Belgium
BEN00311;Peeters;Els;React Developer;Medior;24/06/2024;06/07/2024;12;UCB;React Developer - UCB;06/06/2023;;;;Placed on new project;React, TypeScript, Next.js, Tailwind, Jest;Movify SRL;Belgium
BEN00310;Wauters;Céline;UX/UI Designer;Medior;22/06/2024;08/07/2024;16;Smals;UX/UI Designer;17/05/2023;Acerta;UX Designer - Acerta;13/08/2025;Placed on new project;Figma, Design Systems, User Research, Prototyping;Movify SRL;Belgium
BEN00309;Laurent;Camille;Front-End Developer;Medior;19/06/2024;05/07/2024;16;;;;;;;Left company;JavaScript, TypeScript, HTML/CSS, React, Tailwind;Movify SRL;Belgium
BEN00308;Faure;Camille;UX Designer;Medior;17/06/2024;01/07/2024;14;;;;Golden Palace Casino;UX Designer - Golden Palace Casino;16/11/2024;Placed on new project;Figma, User Research, Journey Mapping, Usability Testing;Movify SRL;Belgium
BEN00307;Jacobs;Lore;Business Analyst;Senior;14/06/2024;24/06/2024;10;Orange Belgium;Business Analyst - Orange Belgium;09/07/2021;UCB;Full-Stack Developer;03/05/2025;Placed on new project;Business Analysis, BPMN, SQL, Requirements;Movify SRL;Belgium
BEN00306;Helsen;Hanne;Back-End Developer;Medior;13/06/2024;22/06/2024;9;Securex;Back-End Developer;22/02/2024;SPW;Senior Product Owner - SPW;08/08/2024;Placed on new project;Java, Spring Boot, PostgreSQL, REST API, Docker;Movify SRL;Belgium
BEN00305;Dehaene;Febe;Analytics Engineer;Medior;11/06/2024;19/06/2024;8;;;;bpost;Analytics Engineer - bpost;27/06/2024;Placed on new project;dbt, SQL, Snowflake, Looker;Movify SRL;Belgium
BEN00304;Nijs;Ward;Cloud Engineer (Azure);Medior;30/05/2024;12/06/2024;13;BNP Paribas Fortis;Cloud Engineer (Azure);21/02/2024;;;;Placed on new project;Azure, Terraform, Azure DevOps, ARM Templates;Movify SRL;Belgium
BEN00303;Laurent;Camille;Front-End Developer;Medior;24/05/2024;05/06/2024;12;;;;;;;Placed on new project;JavaScript, TypeScript, HTML/CSS, React, Tailwind;Movify SRL;Belgium
BEN00302;Massart;Elise;Back-End Developer;Medior;23/05/2024;12/06/2024;20;Smals;Back-End Developer;07/05/2024;D'Ieteren;Back-End Developer;30/06/2024;Placed on new project;Java, Spring Boot, PostgreSQL, REST API, Docker;Movify SRL;Belgium
BEN00301;Aerts;Leen;Java Developer;Medior;20/05/2024;30/05/2024;10;De Lijn;Java Developer;09/04/2022;Alpha Credit;Python Developer;11/11/2024;Placed on new project;Java, Spring Boot, Maven, PostgreSQL, JUnit;Movify SRL;Belgium
BEN00300;Faure;Camille;UX Designer;Senior;15/05/2024;25/05/2024;10;;;;Golden Palace Casino;UX Designer - Golden Palace Casino;16/11/2024;Placed on new project;Figma, User Research, Journey Mapping, Usability Testing;Movify SRL;Belgium
BEN00299;Collard;Guillaume;Service Designer;Medior;02/05/2024;10/05/2024;8;;;;;;;Left company;Service Blueprinting, Journey Mapping, Co-creation;Movify SRL;Belgium
BEN00298;Dehaene;Febe;Analytics Engineer;Senior;26/04/2024;11/05/2024;15;;;;bpost;Analytics Engineer - bpost;27/06/2024;Placed on new project;dbt, SQL, Snowflake, Looker;Movify SRL;Belgium
BEN00297;Verheyden;Karolien;Business Analyst;Junior;15/04/2024;28/04/2024;13;;;;bpost;Business Analyst - bpost;18/09/2024;Placed on new project;Business Analysis, BPMN, SQL, Requirements;Movify SRL;Belgium
BEN00296;Kowalski;Priya;React Developer;Medior;14/04/2024;22/04/2024;8;;;;;;;Placed on new project;React, TypeScript, Next.js, Tailwind, Jest;Movify SRL;Belgium
BEN00295;De Clercq;Sara;Android Developer;Medior;10/04/2024;01/05/2024;21;;;;VRT;Android Developer;27/08/2024;Placed on new project;Kotlin, Android, Jetpack Compose, Gradle;Movify SRL;Belgium
BEN00294;De Backer;Sofie;Data Engineer;Senior;14/03/2024;25/03/2024;11;Crelan;Data Engineer;26/11/2023;Securex;BI Analyst - Securex;28/07/2024;Placed on new project;Python, SQL, Airflow, dbt, Snowflake;Movify SRL;Belgium
BEN00293;Maes;Jonas;Scrum Master;Medior;09/03/2024;24/03/2024;15;;;;GSK;Scrum Master;06/10/2025;Placed on new project;Scrum, Agile, Jira, Facilitation;Movify SRL;Belgium
BEN00292;Costa;Priya;Java Developer;Senior;24/02/2024;14/03/2024;19;;;;Acerta;Java Developer;07/04/2024;Placed on new project;Java, Spring Boot, Maven, PostgreSQL, JUnit;Movify SRL;Belgium
BEN00291;Stevens;Katrien;Product Owner;Senior;21/02/2024;29/02/2024;8;;;;Belfius;Product Owner;19/10/2024;Placed on new project;Scrum, Jira, User Stories, Roadmapping;Movify SRL;Belgium
BEN00290;Lenoir;Cédric;Product Owner;Medior;19/02/2024;09/03/2024;19;Brussels Mobility;Product Owner - Brussels Mobility;28/12/2022;;;;Placed on new project;Scrum, Jira, User Stories, Roadmapping;Movify SRL;Belgium
BEN00289;Michel;Maxime;Product Owner;Medior;13/02/2024;15/02/2026;733;Decathlon;Product Owner;12/02/2024;;;;Left company;Scrum, Jira, User Stories, Roadmapping;Movify SRL;Belgium
BEN00288;Martin;Charlotte;Front-End Developer;Medior;10/02/2024;13/03/2024;32;Colruyt;Front-End Developer - Colruyt;09/02/2024;;;;Left company;JavaScript, TypeScript, HTML/CSS, React, Tailwind;Movify SRL;Belgium
BEN00287;Chen;Dmitri;Front-End Developer;Senior;04/02/2024;19/02/2024;15;;;;Euroclear;Front-End Developer;13/03/2026;Placed on new project;JavaScript, TypeScript, HTML/CSS, React, Tailwind;Movify SRL;Belgium
BEN00286;Noël;Damien;Senior Product Owner;Senior;03/02/2024;30/10/2024;270;Solvay;Senior Product Owner - Solvay;02/02/2024;;;;Left company;Agile, Scrum, Jira, Product Discovery, OKRs;Movify SRL;Belgium
BEN00285;Willems;Dries;Product Manager;Senior;25/01/2024;04/02/2024;10;bpost;Product Manager;27/12/2023;Golden Palace Casino;Technical Analyst;12/03/2024;Placed on new project;Roadmapping, User Research, Analytics, Strategy;Movify SRL;Belgium
BEN00284;Faure;Camille;UX Designer;Senior;24/01/2024;10/02/2024;17;;;;Golden Palace Casino;UX Designer - Golden Palace Casino;16/11/2024;Placed on new project;Figma, User Research, Journey Mapping, Usability Testing;Movify SRL;Belgium
BEN00283;Gérard;Antoine;React Developer;Medior;22/01/2024;04/02/2024;13;;;;P&V Assurances;React Developer;06/09/2025;Placed on new project;React, TypeScript, Next.js, Tailwind, Jest;Movify SRL;Belgium
BEN00282;Pauwels;Tim;Tech Lead;Medior;15/01/2024;29/01/2024;14;;;;VRT;Tech Lead - VRT;08/02/2024;Placed on new project;Architecture, Code Review, Mentoring, System Design;Movify SRL;Belgium
BEN00281;Costa;Mila;Platform Engineer;Medior;10/01/2024;17/01/2024;7;;;;Sibelga;Platform Engineer - Sibelga;01/04/2024;Placed on new project;Kubernetes, Terraform, Backstage, GitOps;Movify SRL;Belgium
BEN00280;Van den Berg;Leen;Android Developer;Senior;30/12/2023;25/02/2024;57;;;;;;;Placed on new project;Kotlin, Android, Jetpack Compose, Gradle;Movify SRL;Belgium
BEN00279;De Smet;Sofie;Business Analyst;Medior;29/12/2023;26/02/2024;59;;;;;;;Placed on new project;Business Analysis, BPMN, SQL, Requirements;Movify SRL;Belgium
BEN00278;Wauters;Céline;UX/UI Designer;Medior;23/12/2023;06/02/2024;45;Smals;UX/UI Designer;17/05/2023;Acerta;UX Designer - Acerta;13/08/2025;Placed on new project;Figma, Design Systems, User Research, Prototyping;Movify SRL;Belgium
BEN00277;Silva;Sofia;React Developer;Senior;19/12/2023;12/01/2024;24;bpost;React Developer;26/10/2023;bpost;Tech Lead;04/05/2025;Placed on new project;React, TypeScript, Next.js, Tailwind, Jest;Movify SRL;Belgium
BEN00276;Coppens;Robin;Project Manager;Senior;18/12/2023;15/01/2024;28;Fluvius;Project Manager;27/10/2023;Ageas;Project Manager - Ageas;16/10/2025;Placed on new project;Prince2, MS Project, Stakeholder Management, Risk Management;Movify SRL;Belgium
BEN00275;Willems;Pieter;UI Designer;Junior;16/12/2023;14/02/2024;60;;;;Janssen Pharmaceutica;UI Designer - Janssen Pharmaceutica;27/03/2024;Placed on new project;Figma, Visual Design, Typography, Design Systems;Movify SRL;Belgium
BEN00274;Dethier;François;Product Owner;Senior;15/12/2023;07/02/2024;54;;;;Alpha Credit;Product Owner;18/08/2024;Placed on new project;Scrum, Jira, User Stories, Roadmapping;Movify SRL;Belgium
BEN00273;Massart;Quentin;Cloud Engineer (Azure);Medior;14/12/2023;13/01/2024;30;;;;;;;Left company;Azure, Terraform, Azure DevOps, ARM Templates;Movify SRL;Belgium
BEN00272;Willems;Pieter;UI Designer;Senior;12/12/2023;01/02/2024;51;;;;Janssen Pharmaceutica;UI Designer - Janssen Pharmaceutica;27/03/2024;Placed on new project;Figma, Visual Design, Typography, Design Systems;Movify SRL;Belgium
BEN00271;Dethier;François;Product Owner;Medior;12/12/2023;13/01/2024;32;;;;Alpha Credit;Product Owner;18/08/2024;Placed on new project;Scrum, Jira, User Stories, Roadmapping;Movify SRL;Belgium
BEN00270;Gérard;Yannick;Angular Developer;Medior;03/12/2023;27/12/2023;24;ING;Angular Developer - ING;11/05/2023;;;;Placed on new project;Angular, TypeScript, RxJS, NgRx, Jasmine;Movify SRL;Belgium
BEN00269;Van Hove;Emma;Senior Product Owner;Medior;28/11/2023;07/12/2023;9;;;;Brussels Mobility;Senior Product Owner - Brussels Mobility;30/12/2025;Placed on new project;Agile, Scrum, Jira, Product Discovery, OKRs;Movify SRL;Belgium
BEN00268;Verhoeven;Griet;Business Analyst;Medior;27/11/2023;17/12/2023;20;DPG Media;Business Analyst - DPG Media;31/07/2022;AXA Belgium;UX/UI Designer;23/01/2024;Placed on new project;Business Analysis, BPMN, SQL, Requirements;Movify SRL;Belgium
BEN00267;Pauwels;Lotte;Data Scientist;Senior;25/11/2023;07/12/2023;12;Lotus Bakeries;Data Scientist - Lotus Bakeries;10/04/2022;Crelan;Data Scientist;28/02/2026;Placed on new project;Python, scikit-learn, Pandas, Statistics, SQL;Movify SRL;Belgium
BEN00266;Hassani;Fatima;Java Developer;Senior;17/11/2023;30/11/2023;13;Golden Palace Casino;Java Developer;28/10/2023;Golden Palace Casino;Java Developer - Golden Palace Casino;01/04/2024;Placed on new project;Java, Spring Boot, Maven, PostgreSQL, JUnit;Movify SRL;Belgium
BEN00265;Gérard;Yannick;Angular Developer;Lead;02/11/2023;23/11/2023;21;ING;Angular Developer - ING;11/05/2023;;;;Placed on new project;Angular, TypeScript, RxJS, NgRx, Jasmine;Movify SRL;Belgium
BEN00264;Ahmed;Ana;Test Automation Engineer;Medior;01/11/2023;17/11/2023;16;;;;SD Worx;Test Automation Engineer - SD Worx;17/01/2025;Placed on new project;Cypress, Playwright, CI/CD, Python;Movify SRL;Belgium
BEN00263;Goossens;Sara;Design System Lead;Senior;28/10/2023;10/11/2023;13;Orange Belgium;Design System Lead - Orange Belgium;12/05/2023;Belfius;Data Engineer;11/11/2023;Placed on new project;Figma, Design Tokens, Storybook, Accessibility;Movify SRL;Belgium
BEN00262;Verheyden;Karolien;Business Analyst;Medior;26/10/2023;15/11/2023;20;;;;bpost;Business Analyst - bpost;18/09/2024;Placed on new project;Business Analysis, BPMN, SQL, Requirements;Movify SRL;Belgium
BEN00261;Delvaux;Sophie;Senior Product Owner;Medior;26/10/2023;14/11/2023;19;;;;Fluvius;Senior Product Owner;04/04/2024;Placed on new project;Agile, Scrum, Jira, Product Discovery, OKRs;Movify SRL;Belgium
BEN00260;Hassani;Yasmina;BI Analyst;Junior;19/10/2023;07/11/2023;19;;;;Decathlon;BI Analyst - Decathlon;03/04/2025;Placed on new project;Power BI, Tableau, SQL, DAX;Movify SRL;Belgium
BEN00259;De Smet;Sofie;Business Analyst;Medior;13/10/2023;03/11/2023;21;;;;;;;Placed on new project;Business Analysis, BPMN, SQL, Requirements;Movify SRL;Belgium
BEN00258;Mercier;Margaux;iOS Developer;Senior;07/10/2023;17/10/2023;10;Sibelga;iOS Developer - Sibelga;30/04/2023;;;;Placed on new project;Swift, SwiftUI, iOS, Xcode, Combine;Movify SRL;Belgium
BEN00257;De Backer;Maarten;Delivery Manager;Junior;24/09/2023;03/10/2023;9;Orange Belgium;Delivery Manager - Orange Belgium;14/09/2022;Orange Belgium;iOS Developer;20/06/2025;Placed on new project;Agile, SAFe, Stakeholder Management, Delivery Planning;Movify SRL;Belgium
BEN00256;Peeters;Karel;UX/UI Designer;Senior;23/09/2023;05/10/2023;12;ING;UX/UI Designer;18/08/2023;ING;UX/UI Designer - ING;18/10/2024;Placed on new project;Figma, Design Systems, User Research, Prototyping;Movify SRL;Belgium
BEN00255;Goossens;Bert;Data Engineer;Medior;15/09/2023;04/10/2023;19;;;;;;;Placed on new project;Python, SQL, Airflow, dbt, Snowflake;Movify SRL;Belgium
BEN00254;Leclercq;Charlotte;Data Engineer;Medior;04/09/2023;14/09/2023;10;Engie;Data Engineer;19/12/2021;ING;DevOps Engineer;27/07/2024;Placed on new project;Python, SQL, Airflow, dbt, Snowflake;Movify SRL;Belgium
BEN00253;Rossi;Dmitri;Product Owner;Senior;29/08/2023;16/10/2023;48;TotalEnergies;Product Owner;26/03/2023;;;;Placed on new project;Scrum, Jira, User Stories, Roadmapping;Movify SRL;Belgium
BEN00252;Charlier;Mélanie;Product Owner;Medior;26/08/2023;09/10/2023;44;;;;Golden Palace Casino;Product Owner;10/10/2023;Placed on new project;Scrum, Jira, User Stories, Roadmapping;Movify SRL;Belgium
BEN00251;Van Hove;Emma;Senior Product Owner;Medior;25/08/2023;19/11/2023;86;;;;Brussels Mobility;Senior Product Owner - Brussels Mobility;30/12/2025;Placed on new project;Agile, Scrum, Jira, Product Discovery, OKRs;Movify SRL;Belgium
BEN00250;Henry;Cédric;Service Designer;Junior;23/08/2023;06/12/2023;105;Orange Belgium;Service Designer - Orange Belgium;22/08/2023;Fluvius;DevOps Engineer - Fluvius;21/05/2024;Placed on new project;Service Blueprinting, Journey Mapping, Co-creation;Movify SRL;Belgium
BEN00249;Collard;François;Product Owner;Senior;20/08/2023;06/11/2023;78;;;;Engie;Product Owner;20/11/2023;Placed on new project;Scrum, Jira, User Stories, Roadmapping;Movify SRL;Belgium
BEN00248;Dethier;François;Product Owner;Medior;20/08/2023;05/10/2023;46;;;;Alpha Credit;Product Owner;18/08/2024;Placed on new project;Scrum, Jira, User Stories, Roadmapping;Movify SRL;Belgium
BEN00247;Michel;Romain;Product Manager;Medior;19/08/2023;15/10/2023;57;;;;ING;Product Manager;10/01/2024;Placed on new project;Roadmapping, User Research, Analytics, Strategy;Movify SRL;Belgium
BEN00246;Henry;Julien;Product Owner;Medior;13/08/2023;21/08/2023;8;Proximus;Product Owner - Proximus;14/07/2023;;;;Left company;Scrum, Jira, User Stories, Roadmapping;Movify SRL;Belgium
BEN00245;Aerts;Tine;UI Designer;Medior;12/08/2023;04/12/2023;114;;;;DPG Media;UI Designer;01/01/2024;Placed on new project;Figma, Visual Design, Typography, Design Systems;Movify SRL;Belgium
BEN00244;Smets;Sara;React Developer;Junior;08/08/2023;20/08/2023;12;;;;TotalEnergies;React Developer;21/08/2023;Placed on new project;React, TypeScript, Next.js, Tailwind, Jest;Movify SRL;Belgium
BEN00243;Charlier;Mélanie;Product Owner;Senior;01/08/2023;09/10/2023;69;;;;Golden Palace Casino;Product Owner;10/10/2023;Placed on new project;Scrum, Jira, User Stories, Roadmapping;Movify SRL;Belgium
BEN00242;Luyten;Dries;UX/UI Designer;Senior;29/07/2023;18/10/2023;81;;;;Alpha Credit;UX/UI Designer - Alpha Credit;06/11/2025;Placed on new project;Figma, Design Systems, User Research, Prototyping;Movify SRL;Belgium
BEN00241;Henry;Loïc;Data Scientist;Medior;25/07/2023;12/09/2023;49;;;;Euroclear;Data Scientist;13/09/2023;Placed on new project;Python, scikit-learn, Pandas, Statistics, SQL;Movify SRL;Belgium
BEN00240;De Smet;Sara;Angular Developer;Senior;24/07/2023;23/09/2023;61;KBC;Angular Developer;24/09/2022;KBC;Test Automation Engineer - KBC;24/09/2023;Placed on new project;Angular, TypeScript, RxJS, NgRx, Jasmine;Movify SRL;Belgium
BEN00239;Dehaene;Febe;Analytics Engineer;Senior;23/07/2023;19/10/2023;88;;;;bpost;Analytics Engineer - bpost;27/06/2024;Placed on new project;dbt, SQL, Snowflake, Looker;Movify SRL;Belgium
BEN00238;David;Maxime;Scrum Master;Senior;23/07/2023;21/09/2023;60;;;;STIB-MIVB;Scrum Master;07/10/2023;Placed on new project;Scrum, Agile, Jira, Facilitation;Movify SRL;Belgium
BEN00237;Vandenbergh;Bert;Product Owner;Senior;21/07/2023;15/11/2023;117;Ageas;Product Owner;20/07/2023;;;;Left company;Scrum, Jira, User Stories, Roadmapping;Movify SRL;Belgium
BEN00236;Noël;Céline;Back-End Developer;Medior;20/07/2023;14/10/2023;86;;;;;;;Left company;Java, Spring Boot, PostgreSQL, REST API, Docker;Movify SRL;Belgium
BEN00235;Leroy;Elise;Product Manager;Medior;17/07/2023;22/09/2023;67;;;;UCB;Product Manager - UCB;19/01/2024;Placed on new project;Roadmapping, User Research, Analytics, Strategy;Movify SRL;Belgium
BEN00234;Mercier;Noémie;Data Scientist;Medior;11/07/2023;07/10/2023;88;;;;Engie;Data Scientist - Engie;08/10/2023;Placed on new project;Python, scikit-learn, Pandas, Statistics, SQL;Movify SRL;Belgium
BEN00233;Verhoeven;Griet;Business Analyst;Senior;08/07/2023;14/10/2023;98;DPG Media;Business Analyst - DPG Media;31/07/2022;AXA Belgium;UX/UI Designer;23/01/2024;Placed on new project;Business Analysis, BPMN, SQL, Requirements;Movify SRL;Belgium
BEN00232;De Clercq;Jeroen;Project Manager;Medior;08/07/2023;09/07/2023;1;ING;Project Manager - ING;15/01/2023;ING;Functional Analyst;21/02/2024;Placed on new project;Prince2, MS Project, Stakeholder Management, Risk Management;Movify SRL;Belgium
BEN00231;Van Damme;Lisa;Design System Lead;Senior;08/07/2023;04/10/2023;88;Colruyt;Design System Lead;11/06/2023;Colruyt;Design System Lead - Colruyt;01/04/2025;Placed on new project;Figma, Design Tokens, Storybook, Accessibility;Movify SRL;Belgium
BEN00230;Costa;Fatima;Back-End Developer;Medior;08/07/2023;03/09/2023;57;;;;;;;Placed on new project;Java, Spring Boot, PostgreSQL, REST API, Docker;Movify SRL;Belgium
BEN00229;Nijs;Katrien;UX/UI Designer;Senior;05/07/2023;01/11/2023;119;;;;Golden Palace Casino;UX/UI Designer;18/11/2024;Placed on new project;Figma, Design Systems, User Research, Prototyping;Movify SRL;Belgium
BEN00228;Costa;Leila;Product Designer;Senior;05/07/2023;10/09/2023;67;;;;Sibelga;Product Designer;11/09/2023;Placed on new project;Figma, Design Systems, Prototyping, User Research;Movify SRL;Belgium
BEN00227;De Backer;Maarten;Delivery Manager;Medior;04/07/2023;31/08/2023;58;Orange Belgium;Delivery Manager - Orange Belgium;14/09/2022;Orange Belgium;iOS Developer;20/06/2025;Placed on new project;Agile, SAFe, Stakeholder Management, Delivery Planning;Movify SRL;Belgium
BEN00226;Jacobs;Lore;Business Analyst;Medior;03/07/2023;19/10/2023;108;Orange Belgium;Business Analyst - Orange Belgium;09/07/2021;UCB;Full-Stack Developer;03/05/2025;Placed on new project;Business Analysis, BPMN, SQL, Requirements;Movify SRL;Belgium
BEN00225;Simon;Mathieu;Agile Coach;Senior;01/07/2023;03/09/2023;64;P&V Assurances;Agile Coach - P&V Assurances;30/06/2023;;;;Left company;SAFe, Agile, Coaching, Change Management;Movify SRL;Belgium
BEN00224;Gérard;Hugo;Business Analyst;Medior;22/06/2023;16/08/2023;55;Telenet;Business Analyst - Telenet;16/02/2023;;;;Left company;Business Analysis, BPMN, SQL, Requirements;Movify SRL;Belgium
BEN00223;Van Hove;Joke;Solution Architect;Medior;21/06/2023;16/08/2023;56;;;;;;;Left company;Architecture, Cloud, Integration, TOGAF;Movify SRL;Belgium
BEN00222;Faure;Romain;Product Owner;Junior;20/06/2023;13/07/2023;23;;;;AXA Belgium;Product Owner;03/04/2024;Placed on new project;Scrum, Jira, User Stories, Roadmapping;Movify SRL;Belgium
BEN00221;Van Damme;Lore;Product Manager;Medior;20/06/2023;17/01/2024;211;GSK;Product Manager;19/06/2023;;;;Left company;Roadmapping, User Research, Analytics, Strategy;Movify SRL;Belgium
BEN00220;Gérard;Hugo;Business Analyst;Medior;16/06/2023;08/07/2023;22;Telenet;Business Analyst - Telenet;16/02/2023;;;;Placed on new project;Business Analysis, BPMN, SQL, Requirements;Movify SRL;Belgium
BEN00219;Goossens;Sara;Design System Lead;Medior;13/06/2023;05/08/2023;53;Orange Belgium;Design System Lead - Orange Belgium;12/05/2023;Belfius;Data Engineer;11/11/2023;Placed on new project;Figma, Design Tokens, Storybook, Accessibility;Movify SRL;Belgium
BEN00218;Charlier;Mélanie;Product Owner;Medior;10/06/2023;20/07/2023;40;;;;Golden Palace Casino;Product Owner;10/10/2023;Placed on new project;Scrum, Jira, User Stories, Roadmapping;Movify SRL;Belgium
BEN00217;Maes;Niels;Functional Analyst;Medior;09/06/2023;27/07/2023;48;;;;BNP Paribas Fortis;Functional Analyst;28/03/2024;Placed on new project;Functional Analysis, UML, Requirements, Jira;Movify SRL;Belgium
BEN00216;Van Hove;Tom;Data Analyst;Senior;07/06/2023;09/07/2023;32;;;;bpost;Data Analyst - bpost;22/12/2023;Placed on new project;SQL, Excel, Tableau, Python;Movify SRL;Belgium
BEN00215;Hanon;Caroline;.NET Developer;Lead;07/06/2023;04/08/2023;58;;;;;;;Placed on new project;.NET, C#, ASP.NET, SQL Server, Azure;Movify SRL;Belgium
BEN00214;David;Maxime;Scrum Master;Medior;05/06/2023;16/07/2023;41;;;;STIB-MIVB;Scrum Master;07/10/2023;Placed on new project;Scrum, Agile, Jira, Facilitation;Movify SRL;Belgium
BEN00213;Ahmed;Ana;Test Automation Engineer;Senior;03/06/2023;01/07/2023;28;;;;SD Worx;Test Automation Engineer - SD Worx;17/01/2025;Placed on new project;Cypress, Playwright, CI/CD, Python;Movify SRL;Belgium
BEN00212;Smets;Sara;React Developer;Senior;01/06/2023;28/06/2023;27;;;;TotalEnergies;React Developer;21/08/2023;Placed on new project;React, TypeScript, Next.js, Tailwind, Jest;Movify SRL;Belgium
BEN00211;Massart;Elise;Back-End Developer;Medior;26/05/2023;10/07/2023;45;;;;Smals;Back-End Developer;25/10/2023;Placed on new project;Java, Spring Boot, PostgreSQL, REST API, Docker;Movify SRL;Belgium
BEN00210;Charlier;Hugo;Business Analyst;Senior;25/05/2023;07/07/2023;43;SPW;Business Analyst - SPW;26/01/2023;Colruyt;.NET Developer - Colruyt;01/12/2024;Placed on new project;Business Analysis, BPMN, SQL, Requirements;Movify SRL;Belgium
BEN00209;Vandamme;Ine;React Developer;Medior;24/05/2023;03/07/2023;40;;;;Brussels Mobility;React Developer - Brussels Mobility;16/11/2023;Placed on new project;React, TypeScript, Next.js, Tailwind, Jest;Movify SRL;Belgium
BEN00208;Dumont;Mathieu;Agile Coach;Senior;24/05/2023;05/11/2023;165;SPW;Agile Coach - SPW;23/05/2023;;;;Left company;SAFe, Agile, Coaching, Change Management;Movify SRL;Belgium
BEN00207;De Backer;Bram;DevOps Engineer;Senior;23/05/2023;15/07/2023;53;AXA Belgium;DevOps Engineer - AXA Belgium;16/12/2022;Euroclear;Cloud Engineer (Azure);11/01/2025;Placed on new project;AWS, Kubernetes, Terraform, CI/CD, Docker;Movify SRL;Belgium
BEN00206;Aerts;Tine;UI Designer;Medior;21/05/2023;08/07/2023;48;;;;DPG Media;UI Designer;01/01/2024;Placed on new project;Figma, Visual Design, Typography, Design Systems;Movify SRL;Belgium
BEN00205;De Smet;Sara;Angular Developer;Senior;19/05/2023;01/07/2023;43;KBC;Angular Developer;24/09/2022;KBC;Test Automation Engineer - KBC;24/09/2023;Placed on new project;Angular, TypeScript, RxJS, NgRx, Jasmine;Movify SRL;Belgium
BEN00204;De Clercq;Sara;Android Developer;Senior;18/05/2023;12/07/2023;55;;;;VRT;Android Developer;27/08/2024;Placed on new project;Kotlin, Android, Jetpack Compose, Gradle;Movify SRL;Belgium
BEN00203;Jacobs;Lore;Business Analyst;Medior;09/05/2023;14/06/2023;36;Orange Belgium;Business Analyst - Orange Belgium;09/07/2021;UCB;Full-Stack Developer;03/05/2025;Placed on new project;Business Analysis, BPMN, SQL, Requirements;Movify SRL;Belgium
BEN00202;Wauters;Noémie;Angular Developer;Senior;06/05/2023;03/06/2023;28;;;;Colruyt;Angular Developer;24/01/2026;Placed on new project;Angular, TypeScript, RxJS, NgRx, Jasmine;Movify SRL;Belgium
BEN00201;Martin;Caroline;Data Scientist;Medior;30/04/2023;12/06/2023;43;;;;;;;Left company;Python, scikit-learn, Pandas, Statistics, SQL;Movify SRL;Belgium
BEN00200;De Backer;Maarten;Delivery Manager;Medior;26/04/2023;18/05/2023;22;Orange Belgium;Delivery Manager - Orange Belgium;14/09/2022;Orange Belgium;iOS Developer;20/06/2025;Placed on new project;Agile, SAFe, Stakeholder Management, Delivery Planning;Movify SRL;Belgium
BEN00199;Buelens;Wout;Business Analyst;Medior;25/04/2023;23/06/2023;59;Elia;Business Analyst - Elia;25/03/2023;;;;Placed on new project;Business Analysis, BPMN, SQL, Requirements;Movify SRL;Belgium
BEN00198;Nguyen;Fatima;React Developer;Medior;23/04/2023;07/11/2024;564;Sibelga;React Developer;22/04/2023;;;;Left company;React, TypeScript, Next.js, Tailwind, Jest;Movify SRL;Belgium
BEN00197;Mehmood;Leila;Test Automation Engineer;Junior;21/04/2023;23/05/2023;32;;;;;;;Left company;Cypress, Playwright, CI/CD, Python;Movify SRL;Belgium
BEN00196;Hubert;Damien;Java Developer;Senior;19/04/2023;11/05/2023;22;Ageas;Java Developer - Ageas;11/01/2023;Acerta;Data Engineer;05/05/2024;Placed on new project;Java, Spring Boot, Maven, PostgreSQL, JUnit;Movify SRL;Belgium
BEN00195;Van Hove;Emma;Senior Product Owner;Medior;13/04/2023;06/05/2023;23;;;;Brussels Mobility;Senior Product Owner - Brussels Mobility;30/12/2025;Placed on new project;Agile, Scrum, Jira, Product Discovery, OKRs;Movify SRL;Belgium
BEN00194;Dupont;Damien;Android Developer;Medior;09/04/2023;05/05/2023;26;Crelan;Android Developer - Crelan;16/08/2022;;;;Placed on new project;Kotlin, Android, Jetpack Compose, Gradle;Movify SRL;Belgium
BEN00193;De Wit;Sara;Angular Developer;Senior;06/04/2023;02/05/2023;26;BNP Paribas Fortis;Angular Developer;27/01/2023;;;;Left company;Angular, TypeScript, RxJS, NgRx, Jasmine;Movify SRL;Belgium
BEN00192;Nijs;Katrien;UX/UI Designer;Medior;05/04/2023;30/05/2023;55;;;;Golden Palace Casino;UX/UI Designer;18/11/2024;Placed on new project;Figma, Design Systems, User Research, Prototyping;Movify SRL;Belgium
BEN00191;Costa;Fatima;Back-End Developer;Medior;31/03/2023;06/05/2023;36;;;;;;;Placed on new project;Java, Spring Boot, PostgreSQL, REST API, Docker;Movify SRL;Belgium
BEN00190;Aerts;Pieter-Jan;Data Engineer;Senior;25/03/2023;18/04/2023;24;;;;Fluvius;Data Engineer;29/02/2024;Placed on new project;Python, SQL, Airflow, dbt, Snowflake;Movify SRL;Belgium
BEN00189;Nguyen;Hassan;Project Manager;Medior;19/03/2023;16/05/2023;58;AXA Belgium;Project Manager - AXA Belgium;14/02/2023;;;;Left company;Prince2, MS Project, Stakeholder Management, Risk Management;Movify SRL;Belgium
BEN00188;Girard;Camille;Full-Stack Developer;Medior;17/03/2023;16/05/2023;60;;;;Belfius;Full-Stack Developer - Belfius;11/01/2024;Placed on new project;JavaScript, TypeScript, React, Node.js, PostgreSQL, REST API;Movify SRL;Belgium
BEN00187;Maes;Niels;Functional Analyst;Lead;16/03/2023;06/04/2023;21;;;;BNP Paribas Fortis;Functional Analyst;28/03/2024;Placed on new project;Functional Analysis, UML, Requirements, Jira;Movify SRL;Belgium
BEN00186;Delvaux;Sophie;Senior Product Owner;Senior;15/03/2023;09/04/2023;25;;;;Fluvius;Senior Product Owner;04/04/2024;Placed on new project;Agile, Scrum, Jira, Product Discovery, OKRs;Movify SRL;Belgium
BEN00185;Leroy;Elise;Product Manager;Medior;15/03/2023;30/04/2023;46;;;;UCB;Product Manager - UCB;19/01/2024;Placed on new project;Roadmapping, User Research, Analytics, Strategy;Movify SRL;Belgium
BEN00184;Rousseau;Margaux;Digital Product Owner;Senior;13/03/2023;14/04/2023;32;KBC;Digital Product Owner;10/02/2023;;;;Placed on new project;Scrum, Jira, Analytics, A/B Testing;Movify SRL;Belgium
BEN00183;Pauwels;Tim;Tech Lead;Senior;12/03/2023;06/04/2023;25;;;;VRT;Tech Lead - VRT;08/02/2024;Placed on new project;Architecture, Code Review, Mentoring, System Design;Movify SRL;Belgium
BEN00182;Costa;Aïcha;Back-End Developer;Medior;09/03/2023;05/05/2023;57;;;;BNP Paribas Fortis;Back-End Developer;11/02/2024;Placed on new project;Java, Spring Boot, PostgreSQL, REST API, Docker;Movify SRL;Belgium
BEN00181;Jacobs;Lore;Business Analyst;Medior;22/02/2023;23/04/2023;60;Orange Belgium;Business Analyst - Orange Belgium;09/07/2021;UCB;Full-Stack Developer;03/05/2025;Placed on new project;Business Analysis, BPMN, SQL, Requirements;Movify SRL;Belgium
BEN00180;Noël;Céline;Back-End Developer;Medior;19/02/2023;12/03/2023;21;;;;;;;Placed on new project;Java, Spring Boot, PostgreSQL, REST API, Docker;Movify SRL;Belgium
BEN00179;Leclercq;Charlotte;Data Engineer;Senior;17/02/2023;18/03/2023;29;Engie;Data Engineer;19/12/2021;ING;DevOps Engineer;27/07/2024;Placed on new project;Python, SQL, Airflow, dbt, Snowflake;Movify SRL;Belgium
BEN00178;Aerts;Tine;UI Designer;Medior;15/02/2023;14/04/2023;58;;;;DPG Media;UI Designer;01/01/2024;Placed on new project;Figma, Visual Design, Typography, Design Systems;Movify SRL;Belgium
BEN00177;Charlier;Mélanie;Product Owner;Junior;14/02/2023;19/03/2023;33;;;;Golden Palace Casino;Product Owner;10/10/2023;Placed on new project;Scrum, Jira, User Stories, Roadmapping;Movify SRL;Belgium
BEN00176;Nguyen;Priya;Full-Stack Developer;Senior;14/02/2023;11/03/2023;25;Elia;Full-Stack Developer - Elia;07/12/2022;Colruyt;Business Analyst - Colruyt;08/11/2024;Placed on new project;JavaScript, TypeScript, React, Node.js, PostgreSQL, REST API;Movify SRL;Belgium
BEN00175;Van Hove;Joke;Solution Architect;Medior;14/02/2023;23/03/2023;37;;;;;;;Placed on new project;Architecture, Cloud, Integration, TOGAF;Movify SRL;Belgium
BEN00174;Lemaire;François;Back-End Developer;Senior;12/02/2023;14/03/2023;30;;;;bpost;Back-End Developer - bpost;25/10/2023;Placed on new project;Java, Spring Boot, PostgreSQL, REST API, Docker;Movify SRL;Belgium
BEN00173;Faure;Romain;Product Owner;Medior;06/02/2023;18/03/2023;40;;;;AXA Belgium;Product Owner;03/04/2024;Placed on new project;Scrum, Jira, User Stories, Roadmapping;Movify SRL;Belgium
BEN00172;Maes;Jonas;Scrum Master;Medior;04/02/2023;01/04/2023;56;;;;GSK;Scrum Master;06/10/2025;Placed on new project;Scrum, Agile, Jira, Facilitation;Movify SRL;Belgium
BEN00171;Janssens;Marieke;QA Engineer;Medior;24/01/2023;28/02/2023;35;;;;;;;Placed on new project;Test Plans, Selenium, Cypress, Jira;Movify SRL;Belgium
BEN00170;Van Damme;Robin;Scrum Master;Senior;22/01/2023;19/03/2023;56;;;;;;;Left company;Scrum, Agile, Jira, Facilitation;Movify SRL;Belgium
BEN00169;Collard;Guillaume;Service Designer;Senior;21/01/2023;26/02/2023;36;;;;;;;Placed on new project;Service Blueprinting, Journey Mapping, Co-creation;Movify SRL;Belgium
BEN00168;Morel;Antoine;Project Manager;Senior;13/01/2023;20/02/2023;38;;;;Engie;Project Manager;03/03/2023;Placed on new project;Prince2, MS Project, Stakeholder Management, Risk Management;Movify SRL;Belgium
BEN00167;Martin;Caroline;Data Scientist;Medior;13/01/2023;22/02/2023;40;;;;;;;Placed on new project;Python, scikit-learn, Pandas, Statistics, SQL;Movify SRL;Belgium
BEN00166;Charlier;Camille;Technical Analyst;Medior;07/01/2023;24/02/2023;48;De Lijn;Technical Analyst - De Lijn;06/04/2022;;;;Placed on new project;SQL, UML, Architecture, Documentation;Movify SRL;Belgium
BEN00165;Janssens;Marieke;QA Engineer;Medior;05/01/2023;01/03/2023;55;;;;;;;Placed on new project;Test Plans, Selenium, Cypress, Jira;Movify SRL;Belgium
BEN00164;Mercier;Noémie;Data Scientist;Medior;30/12/2022;23/01/2023;24;;;;Engie;Data Scientist - Engie;08/10/2023;Placed on new project;Python, scikit-learn, Pandas, Statistics, SQL;Movify SRL;Belgium
BEN00163;Collard;François;Product Owner;Senior;29/12/2022;26/02/2023;59;;;;Engie;Product Owner;20/11/2023;Placed on new project;Scrum, Jira, User Stories, Roadmapping;Movify SRL;Belgium
BEN00162;Verhoeven;Griet;Business Analyst;Medior;22/12/2022;20/02/2023;60;DPG Media;Business Analyst - DPG Media;31/07/2022;AXA Belgium;UX/UI Designer;23/01/2024;Placed on new project;Business Analysis, BPMN, SQL, Requirements;Movify SRL;Belgium
BEN00161;Dumont;Mathieu;Agile Coach;Senior;19/12/2022;16/01/2023;28;Lotus Bakeries;Agile Coach - Lotus Bakeries;21/11/2022;SPW;Agile Coach - SPW;27/02/2023;Placed on new project;SAFe, Agile, Coaching, Change Management;Movify SRL;Belgium
BEN00160;Mertens;Peter;Business Analyst;Medior;17/12/2022;01/02/2023;46;Proximus;Business Analyst - Proximus;28/05/2022;Lotus Bakeries;Functional Analyst;19/09/2023;Placed on new project;Business Analysis, BPMN, SQL, Requirements;Movify SRL;Belgium
BEN00159;Wauters;Noémie;Angular Developer;Senior;16/12/2022;06/02/2023;52;;;;Colruyt;Angular Developer;24/01/2026;Placed on new project;Angular, TypeScript, RxJS, NgRx, Jasmine;Movify SRL;Belgium
BEN00158;Morel;Florian;Business Analyst;Senior;13/12/2022;04/01/2023;22;Alpha Credit;Business Analyst - Alpha Credit;13/11/2022;;;;Left company;Business Analysis, BPMN, SQL, Requirements;Movify SRL;Belgium
BEN00157;Bogaerts;Gert;BI Analyst;Junior;02/12/2022;06/01/2023;35;;;;bpost;BI Analyst - bpost;19/01/2023;Placed on new project;Power BI, Tableau, SQL, DAX;Movify SRL;Belgium
BEN00156;Segers;Maarten;UX/UI Designer;Senior;29/11/2022;20/12/2022;21;;;;Proximus;UX/UI Designer;19/09/2023;Placed on new project;Figma, Design Systems, User Research, Prototyping;Movify SRL;Belgium
BEN00155;Lemmens;Karolien;Full-Stack Developer;Senior;21/11/2022;27/05/2024;553;UCB;Full-Stack Developer;20/11/2022;;;;Left company;JavaScript, TypeScript, React, Node.js, PostgreSQL, REST API;Movify SRL;Belgium
BEN00154;Hubert;Virginie;React Developer;Junior;19/11/2022;26/11/2022;7;;;;KBC;React Developer;21/06/2023;Placed on new project;React, TypeScript, Next.js, Tailwind, Jest;Movify SRL;Belgium
BEN00153;Delvaux;Loïc;Solution Architect;Medior;11/11/2022;19/11/2022;8;Fluvius;Solution Architect - Fluvius;12/04/2022;;;;Placed on new project;Architecture, Cloud, Integration, TOGAF;Movify SRL;Belgium
BEN00152;David;Florian;Site Reliability Engineer;Medior;11/11/2022;26/11/2022;15;;;;Telenet;Site Reliability Engineer;27/11/2022;Placed on new project;Kubernetes, Prometheus, Grafana, Incident response;Movify SRL;Belgium
BEN00151;Maes;Jonas;Scrum Master;Medior;07/11/2022;17/11/2022;10;;;;GSK;Scrum Master;06/10/2025;Placed on new project;Scrum, Agile, Jira, Facilitation;Movify SRL;Belgium
BEN00150;Dehaene;Julie;Front-End Developer;Junior;28/10/2022;04/04/2023;158;AXA Belgium;Front-End Developer - AXA Belgium;27/10/2022;;;;Left company;JavaScript, TypeScript, HTML/CSS, React, Tailwind;Movify SRL;Belgium
BEN00149;Van Damme;Robin;Scrum Master;Senior;21/10/2022;03/11/2022;13;;;;;;;Placed on new project;Scrum, Agile, Jira, Facilitation;Movify SRL;Belgium
BEN00148;Mercier;Charlotte;Full-Stack Developer;Senior;11/10/2022;20/07/2023;282;Luminus;Full-Stack Developer - Luminus;10/10/2022;;;;Left company;JavaScript, TypeScript, React, Node.js, PostgreSQL, REST API;Movify SRL;Belgium
BEN00147;Dethier;François;Product Owner;Lead;03/10/2022;18/10/2022;15;;;;Alpha Credit;Product Owner;18/08/2024;Placed on new project;Scrum, Jira, User Stories, Roadmapping;Movify SRL;Belgium
BEN00146;Dupont;Damien;Android Developer;Medior;03/10/2022;17/10/2022;14;Crelan;Android Developer - Crelan;16/08/2022;;;;Placed on new project;Kotlin, Android, Jetpack Compose, Gradle;Movify SRL;Belgium
BEN00145;Moreau;Grégoire;Delivery Manager;Medior;27/08/2022;15/10/2022;49;Orange Belgium;Delivery Manager;23/05/2022;SPW;Site Reliability Engineer;05/05/2023;Placed on new project;Agile, SAFe, Stakeholder Management, Delivery Planning;Movify SRL;Belgium
BEN00144;Martin;Caroline;Data Scientist;Senior;25/08/2022;15/10/2022;51;;;;;;;Placed on new project;Python, scikit-learn, Pandas, Statistics, SQL;Movify SRL;Belgium
BEN00143;David;Florian;Site Reliability Engineer;Medior;22/08/2022;12/09/2022;21;;;;Telenet;Site Reliability Engineer;27/11/2022;Placed on new project;Kubernetes, Prometheus, Grafana, Incident response;Movify SRL;Belgium
BEN00142;Mertens;Wout;Back-End Developer;Medior;18/08/2022;04/10/2022;47;;;;Acerta;Back-End Developer - Acerta;30/10/2022;Placed on new project;Java, Spring Boot, PostgreSQL, REST API, Docker;Movify SRL;Belgium
BEN00141;Segers;Maarten;UX/UI Designer;Senior;17/08/2022;09/09/2022;23;;;;Proximus;UX/UI Designer;19/09/2023;Placed on new project;Figma, Design Systems, User Research, Prototyping;Movify SRL;Belgium
BEN00140;Fournier;Delphine;BI Analyst;Lead;11/08/2022;26/01/2023;168;Orange Belgium;BI Analyst;10/08/2022;;;;Left company;Power BI, Tableau, SQL, DAX;Movify SRL;Belgium
BEN00139;Fournier;Grégoire;Front-End Developer;Medior;10/08/2022;08/10/2022;59;;;;Belfius;Front-End Developer;15/04/2023;Placed on new project;JavaScript, TypeScript, HTML/CSS, React, Tailwind;Movify SRL;Belgium
BEN00138;Van Hove;Lotte;Site Reliability Engineer;Medior;08/08/2022;26/08/2022;18;bpost;Site Reliability Engineer;14/06/2022;;;;Left company;Kubernetes, Prometheus, Grafana, Incident response;Movify SRL;Belgium
BEN00137;Morel;Isabelle;Test Automation Engineer;Medior;05/08/2022;29/08/2022;24;SPW;Test Automation Engineer - SPW;18/01/2022;;;;Placed on new project;Cypress, Playwright, CI/CD, Python;Movify SRL;Belgium
BEN00136;De Backer;Bram;DevOps Engineer;Medior;29/07/2022;09/09/2022;42;;;;AXA Belgium;DevOps Engineer - AXA Belgium;26/09/2022;Placed on new project;AWS, Kubernetes, Terraform, CI/CD, Docker;Movify SRL;Belgium
BEN00135;Verheyden;Marieke;Senior Product Owner;Medior;27/07/2022;27/08/2022;31;Euroclear;Senior Product Owner - Euroclear;04/06/2022;;;;Left company;Agile, Scrum, Jira, Product Discovery, OKRs;Movify SRL;Belgium
BEN00134;Van Hove;Emma;Senior Product Owner;Medior;24/07/2022;26/08/2022;33;;;;Brussels Mobility;Senior Product Owner - Brussels Mobility;30/12/2025;Placed on new project;Agile, Scrum, Jira, Product Discovery, OKRs;Movify SRL;Belgium
BEN00133;Leclercq;Charlotte;Data Engineer;Medior;22/07/2022;22/08/2022;31;Engie;Data Engineer;19/12/2021;ING;DevOps Engineer;27/07/2024;Placed on new project;Python, SQL, Airflow, dbt, Snowflake;Movify SRL;Belgium
BEN00132;Silva;Sofia;React Developer;Medior;16/07/2022;09/09/2022;55;;;;bpost;React Developer;26/07/2023;Placed on new project;React, TypeScript, Next.js, Tailwind, Jest;Movify SRL;Belgium
BEN00131;Gérard;Yannick;Angular Developer;Senior;14/07/2022;12/08/2022;29;;;;ING;Angular Developer - ING;16/08/2022;Placed on new project;Angular, TypeScript, RxJS, NgRx, Jasmine;Movify SRL;Belgium
BEN00130;Smets;Bert;Product Owner;Senior;10/07/2022;24/09/2022;76;FOD Financiën;Product Owner;09/07/2022;;;;Left company;Scrum, Jira, User Stories, Roadmapping;Movify SRL;Belgium
BEN00129;Nijs;Lieven;React Developer;Medior;02/07/2022;11/08/2022;40;Acerta;React Developer - Acerta;14/07/2021;VRT;React Developer - VRT;17/01/2023;Placed on new project;React, TypeScript, Next.js, Tailwind, Jest;Movify SRL;Belgium
BEN00128;Costa;Leila;Product Designer;Medior;23/06/2022;05/07/2022;12;;;;Sibelga;Product Designer;11/09/2023;Placed on new project;Figma, Design Systems, Prototyping, User Research;Movify SRL;Belgium
BEN00127;Van Hove;Inge;QA Engineer;Medior;14/06/2022;02/07/2022;18;;;;AXA Belgium;QA Engineer - AXA Belgium;03/07/2022;Placed on new project;Test Plans, Selenium, Cypress, Jira;Movify SRL;Belgium
BEN00126;Van Hove;Emma;Senior Product Owner;Medior;24/05/2022;07/06/2022;14;;;;Brussels Mobility;Senior Product Owner - Brussels Mobility;30/12/2025;Placed on new project;Agile, Scrum, Jira, Product Discovery, OKRs;Movify SRL;Belgium
BEN00125;David;Yannick;QA Engineer;Medior;07/05/2022;12/05/2022;5;Belfius;QA Engineer;10/04/2022;Euroclear;Android Developer - Euroclear;13/05/2022;Placed on new project;Test Plans, Selenium, Cypress, Jira;Movify SRL;Belgium
BEN00124;Maes;Sofie;Cloud Engineer (AWS);Medior;15/04/2022;05/05/2022;20;;;;;;;Placed on new project;AWS, Terraform, Lambda, CloudFormation, S3;Movify SRL;Belgium
BEN00123;Segers;Seppe;Project Manager;Medior;13/01/2022;08/06/2022;146;GSK;Project Manager - GSK;12/01/2022;;;;Left company;Prince2, MS Project, Stakeholder Management, Risk Management;Movify SRL;Belgium
BEN00122;Mertens;Pieter-Jan;UX/UI Designer;Senior;31/12/2021;10/01/2022;10;;;;Fluvius;UX/UI Designer;20/06/2022;Placed on new project;Figma, Design Systems, User Research, Prototyping;Movify SRL;Belgium
BEN00121;David;Florian;Site Reliability Engineer;Medior;23/12/2021;12/01/2022;20;;;;Telenet;Site Reliability Engineer;27/11/2022;Placed on new project;Kubernetes, Prometheus, Grafana, Incident response;Movify SRL;Belgium
BEN00120;Dethier;François;Product Owner;Lead;21/12/2021;28/12/2021;7;;;;Alpha Credit;Product Owner;18/08/2024;Placed on new project;Scrum, Jira, User Stories, Roadmapping;Movify SRL;Belgium
BEN00119;Chen;Dmitri;Front-End Developer;Medior;21/12/2021;08/01/2022;18;;;;Euroclear;Front-End Developer;13/03/2026;Placed on new project;JavaScript, TypeScript, HTML/CSS, React, Tailwind;Movify SRL;Belgium
BEN00118;Jacobs;Lore;Business Analyst;Medior;10/12/2021;22/12/2021;12;Orange Belgium;Business Analyst - Orange Belgium;09/07/2021;UCB;Full-Stack Developer;03/05/2025;Placed on new project;Business Analysis, BPMN, SQL, Requirements;Movify SRL;Belgium
BEN00117;Hubert;Quentin;UX/UI Designer;Senior;05/12/2021;13/12/2021;8;Solvay;UX/UI Designer - Solvay;29/10/2021;;;;Placed on new project;Figma, Design Systems, User Research, Prototyping;Movify SRL;Belgium
BEN00116;Hubert;Claire;UX/UI Designer;Junior;28/10/2021;08/11/2021;11;;;;Colruyt;UX/UI Designer - Colruyt;25/05/2022;Placed on new project;Figma, Design Systems, User Research, Prototyping;Movify SRL;Belgium
BEN00115;Martin;Charlotte;Front-End Developer;Medior;27/09/2021;07/10/2021;10;;;;Colruyt;Front-End Developer - Colruyt;14/06/2022;Placed on new project;JavaScript, TypeScript, HTML/CSS, React, Tailwind;Movify SRL;Belgium
BEN00114;Van den Berg;Stefaan;iOS Developer;Medior;26/08/2021;15/10/2021;50;;;;Ageas;iOS Developer - Ageas;22/11/2021;Placed on new project;Swift, SwiftUI, iOS, Xcode, Combine;Movify SRL;Belgium
BEN00113;Vermeersch;Tim;Python Developer;Senior;25/08/2021;02/11/2021;69;;;;SPW;Python Developer;23/05/2022;Placed on new project;Python, Django, FastAPI, PostgreSQL, pytest;Movify SRL;Belgium
BEN00112;Wouters;Seppe;Android Developer;Lead;23/08/2021;07/10/2021;45;;;;DPG Media;Android Developer;24/10/2022;Placed on new project;Kotlin, Android, Jetpack Compose, Gradle;Movify SRL;Belgium
BEN00111;Lemmens;Karolien;UX Designer;Senior;19/08/2021;23/08/2021;4;;;;UCB;UX Designer - UCB;24/08/2021;Placed on new project;Figma, User Research, Journey Mapping, Usability Testing;Movify SRL;Belgium
BEN00110;Nijs;Lieven;React Developer;Senior;16/08/2021;08/12/2021;114;Acerta;React Developer - Acerta;14/07/2021;VRT;React Developer - VRT;17/01/2023;Placed on new project;React, TypeScript, Next.js, Tailwind, Jest;Movify SRL;Belgium
BEN00109;Lefebvre;Benoît;Scrum Master;Junior;15/08/2021;14/11/2021;91;;;;Proximus;Scrum Master - Proximus;09/06/2022;Placed on new project;Scrum, Agile, Jira, Facilitation;Movify SRL;Belgium
BEN00108;De Smet;Anouk;Cloud Engineer (Azure);Senior;13/08/2021;04/11/2021;83;;;;Fluvius;Cloud Engineer (Azure) - Fluvius;21/08/2022;Placed on new project;Azure, Terraform, Azure DevOps, ARM Templates;Movify SRL;Belgium
BEN00107;Wouters;Seppe;Android Developer;Senior;10/08/2021;11/11/2021;93;;;;DPG Media;Android Developer;24/10/2022;Placed on new project;Kotlin, Android, Jetpack Compose, Gradle;Movify SRL;Belgium
BEN00106;Noël;Céline;Back-End Developer;Medior;07/08/2021;04/11/2021;89;;;;;;;Placed on new project;Java, Spring Boot, PostgreSQL, REST API, Docker;Movify SRL;Belgium
BEN00105;Nguyen;Daniel;Site Reliability Engineer;Senior;05/08/2021;21/10/2021;77;;;;Decathlon;Site Reliability Engineer;22/10/2021;Placed on new project;Kubernetes, Prometheus, Grafana, Incident response;Movify SRL;Belgium
BEN00104;Jacobs;Lore;Business Analyst;Junior;31/07/2021;20/11/2021;112;Orange Belgium;Business Analyst - Orange Belgium;09/07/2021;UCB;Full-Stack Developer;03/05/2025;Placed on new project;Business Analysis, BPMN, SQL, Requirements;Movify SRL;Belgium
BEN00103;De Smet;Lars;Full-Stack Developer;Medior;28/07/2021;10/10/2021;74;;;;Sibelga;Full-Stack Developer;30/10/2021;Placed on new project;JavaScript, TypeScript, React, Node.js, PostgreSQL, REST API;Movify SRL;Belgium
BEN00102;Silva;Leila;Data Analyst;Senior;25/07/2021;17/11/2021;115;;;;Janssen Pharmaceutica;Data Analyst;14/12/2021;Placed on new project;SQL, Excel, Tableau, Python;Movify SRL;Belgium
BEN00101;Maes;Sofie;Cloud Engineer (AWS);Medior;08/07/2021;02/10/2021;86;;;;;;;Placed on new project;AWS, Terraform, Lambda, CloudFormation, S3;Movify SRL;Belgium
BEN00100;Rossi;Dmitri;Product Owner;Medior;05/07/2021;07/09/2021;64;;;;TotalEnergies;Product Owner;08/09/2021;Placed on new project;Scrum, Jira, User Stories, Roadmapping;Movify SRL;Belgium
BEN00099;Hassani;Fatima;Java Developer;Senior;04/07/2021;31/10/2021;119;;;;Golden Palace Casino;Java Developer;13/01/2023;Placed on new project;Java, Spring Boot, Maven, PostgreSQL, JUnit;Movify SRL;Belgium
BEN00098;Charlier;Camille;Technical Analyst;Senior;04/07/2021;26/09/2021;84;;;;De Lijn;Technical Analyst - De Lijn;27/09/2021;Placed on new project;SQL, UML, Architecture, Documentation;Movify SRL;Belgium
BEN00097;Charlier;Noémie;Java Developer;Medior;01/07/2021;27/08/2021;57;;;;Golden Palace Casino;Java Developer - Golden Palace Casino;20/10/2021;Placed on new project;Java, Spring Boot, Maven, PostgreSQL, JUnit;Movify SRL;Belgium
BEN00096;Van Hove;Emma;Senior Product Owner;Senior;01/07/2021;22/10/2021;113;;;;Brussels Mobility;Senior Product Owner - Brussels Mobility;30/12/2025;Placed on new project;Agile, Scrum, Jira, Product Discovery, OKRs;Movify SRL;Belgium
BEN00095;Verhoeven;Griet;UI Designer;Junior;24/06/2021;24/07/2021;30;DPG Media;UI Designer - DPG Media;01/12/2020;Crelan;Full-Stack Developer - Crelan;19/10/2021;Placed on new project;Figma, Visual Design, Typography, Design Systems;Movify SRL;Belgium
BEN00094;Mehmood;Leila;Test Automation Engineer;Senior;24/06/2021;16/08/2021;53;;;;;;;Placed on new project;Cypress, Playwright, CI/CD, Python;Movify SRL;Belgium
BEN00093;Ivanov;Mohamed;Technical Analyst;Medior;20/06/2021;04/08/2021;45;Decathlon;Technical Analyst;21/01/2021;SD Worx;Angular Developer;18/02/2022;Placed on new project;SQL, UML, Architecture, Documentation;Movify SRL;Belgium
BEN00092;De Smet;Dieter;Technical Analyst;Senior;14/06/2021;21/07/2021;37;;;;;;;Placed on new project;SQL, UML, Architecture, Documentation;Movify SRL;Belgium
BEN00091;Lambert;Romain;Business Analyst;Junior;09/06/2021;03/07/2021;24;;;;AXA Belgium;Business Analyst - AXA Belgium;18/02/2022;Placed on new project;Business Analysis, BPMN, SQL, Requirements;Movify SRL;Belgium
BEN00090;Martin;Charlotte;Front-End Developer;Senior;04/06/2021;16/07/2021;42;;;;Colruyt;Front-End Developer - Colruyt;14/06/2022;Placed on new project;JavaScript, TypeScript, HTML/CSS, React, Tailwind;Movify SRL;Belgium
BEN00089;Lefebvre;Benoît;Scrum Master;Lead;31/05/2021;23/07/2021;53;;;;Proximus;Scrum Master - Proximus;09/06/2022;Placed on new project;Scrum, Agile, Jira, Facilitation;Movify SRL;Belgium
BEN00088;Girard;Margaux;Functional Analyst;Medior;23/05/2021;22/07/2021;60;;;;GSK;Functional Analyst - GSK;05/03/2022;Placed on new project;Functional Analysis, UML, Requirements, Jira;Movify SRL;Belgium
BEN00087;Delvaux;Loïc;Solution Architect;Senior;17/05/2021;25/06/2021;39;;;;Fluvius;Solution Architect - Fluvius;28/12/2021;Placed on new project;Architecture, Cloud, Integration, TOGAF;Movify SRL;Belgium
BEN00086;Van Hove;Emma;Senior Product Owner;Medior;09/05/2021;26/06/2021;48;;;;Brussels Mobility;Senior Product Owner - Brussels Mobility;30/12/2025;Placed on new project;Agile, Scrum, Jira, Product Discovery, OKRs;Movify SRL;Belgium
BEN00085;Smets;Bert;Product Owner;Senior;30/04/2021;27/06/2021;58;;;;FOD Financiën;Product Owner;15/11/2021;Placed on new project;Scrum, Jira, User Stories, Roadmapping;Movify SRL;Belgium
BEN00084;Mehmood;Leila;Test Automation Engineer;Medior;30/04/2021;21/06/2021;52;;;;;;;Placed on new project;Cypress, Playwright, CI/CD, Python;Movify SRL;Belgium
BEN00083;Chen;Yusuf;Java Developer;Junior;19/04/2021;11/06/2021;53;;;;BNP Paribas Fortis;Java Developer;08/09/2021;Placed on new project;Java, Spring Boot, Maven, PostgreSQL, JUnit;Movify SRL;Belgium
BEN00082;Thiry;Virginie;Back-End Developer;Senior;16/04/2021;22/05/2021;36;;;;;;;Placed on new project;Java, Spring Boot, PostgreSQL, REST API, Docker;Movify SRL;Belgium
BEN00081;Nguyen;Fatima;Business Analyst;Senior;11/04/2021;07/06/2021;57;;;;AXA Belgium;Business Analyst;23/01/2022;Placed on new project;Business Analysis, BPMN, SQL, Requirements;Movify SRL;Belgium
BEN00080;Hubert;Quentin;UX/UI Designer;Medior;02/04/2021;30/04/2021;28;;;;Solvay;UX/UI Designer - Solvay;01/05/2021;Placed on new project;Figma, Design Systems, User Research, Prototyping;Movify SRL;Belgium
BEN00079;Ivanov;Mohamed;Technical Analyst;Medior;28/03/2021;18/05/2021;51;Decathlon;Technical Analyst;21/01/2021;SD Worx;Angular Developer;18/02/2022;Placed on new project;SQL, UML, Architecture, Documentation;Movify SRL;Belgium
BEN00078;Thiry;Virginie;Back-End Developer;Medior;16/03/2021;08/04/2021;23;;;;;;;Placed on new project;Java, Spring Boot, PostgreSQL, REST API, Docker;Movify SRL;Belgium
BEN00077;David;Florian;Site Reliability Engineer;Medior;13/03/2021;05/04/2021;23;;;;Telenet;Site Reliability Engineer;27/11/2022;Placed on new project;Kubernetes, Prometheus, Grafana, Incident response;Movify SRL;Belgium
BEN00076;Faure;Manon;Technical Analyst;Senior;13/03/2021;06/04/2021;24;;;;Engie;Technical Analyst - Engie;22/06/2021;Placed on new project;SQL, UML, Architecture, Documentation;Movify SRL;Belgium
BEN00075;Van Damme;Lore;Site Reliability Engineer;Senior;10/03/2021;19/04/2021;40;;;;GSK;Site Reliability Engineer - GSK;14/05/2021;Placed on new project;Kubernetes, Prometheus, Grafana, Incident response;Movify SRL;Belgium
BEN00074;Mehmood;Leila;Test Automation Engineer;Medior;26/02/2021;26/03/2021;28;;;;;;;Placed on new project;Cypress, Playwright, CI/CD, Python;Movify SRL;Belgium
BEN00073;Nguyen;Fatima;Business Analyst;Senior;16/02/2021;04/04/2021;47;;;;AXA Belgium;Business Analyst;23/01/2022;Placed on new project;Business Analysis, BPMN, SQL, Requirements;Movify SRL;Belgium
BEN00072;Van Hove;Lotte;Site Reliability Engineer;Junior;13/02/2021;07/03/2021;22;;;;bpost;Site Reliability Engineer;06/10/2021;Placed on new project;Kubernetes, Prometheus, Grafana, Incident response;Movify SRL;Belgium
BEN00071;Stevens;Lieven;.NET Developer;Senior;03/02/2021;14/03/2021;39;;;;;;;Placed on new project;.NET, C#, ASP.NET, SQL Server, Azure;Movify SRL;Belgium
BEN00070;Ivanov;Mohamed;Technical Analyst;Senior;26/01/2021;24/03/2021;57;Decathlon;Technical Analyst;21/01/2021;SD Worx;Angular Developer;18/02/2022;Placed on new project;SQL, UML, Architecture, Documentation;Movify SRL;Belgium
BEN00069;Patel;Ana;Cloud Engineer (AWS);Medior;26/01/2021;25/03/2021;58;;;;DPG Media;Cloud Engineer (AWS);28/03/2021;Placed on new project;AWS, Terraform, Lambda, CloudFormation, S3;Movify SRL;Belgium
BEN00068;Girard;Margaux;Functional Analyst;Senior;10/01/2021;05/02/2021;26;;;;GSK;Functional Analyst - GSK;05/03/2022;Placed on new project;Functional Analysis, UML, Requirements, Jira;Movify SRL;Belgium
BEN00067;Mertens;Peter;Business Analyst;Senior;08/01/2021;09/02/2021;32;;;;Proximus;Business Analyst - Proximus;14/06/2021;Placed on new project;Business Analysis, BPMN, SQL, Requirements;Movify SRL;Belgium
BEN00066;Mehmood;Leila;Test Automation Engineer;Lead;02/01/2021;29/01/2021;27;;;;;;;Placed on new project;Cypress, Playwright, CI/CD, Python;Movify SRL;Belgium
BEN00065;De Clercq;Jeroen;UI Designer;Junior;31/12/2020;09/01/2021;9;;;;Sibelga;UI Designer - Sibelga;10/01/2021;Placed on new project;Figma, Visual Design, Typography, Design Systems;Movify SRL;Belgium
BEN00064;Okonkwo;Yusuf;.NET Developer;Medior;22/12/2020;23/01/2021;32;;;;bpost;.NET Developer - bpost;24/01/2021;Placed on new project;.NET, C#, ASP.NET, SQL Server, Azure;Movify SRL;Belgium
BEN00063;Noël;Céline;Back-End Developer;Medior;18/12/2020;20/02/2021;64;;;;;;;Placed on new project;Java, Spring Boot, PostgreSQL, REST API, Docker;Movify SRL;Belgium
BEN00062;Delvaux;Loïc;Solution Architect;Lead;10/12/2020;21/03/2021;101;;;;Fluvius;Solution Architect - Fluvius;28/12/2021;Placed on new project;Architecture, Cloud, Integration, TOGAF;Movify SRL;Belgium
BEN00061;Verhoeven;Griet;UI Designer;Medior;08/12/2020;05/02/2021;59;DPG Media;UI Designer - DPG Media;01/12/2020;Crelan;Full-Stack Developer - Crelan;19/10/2021;Placed on new project;Figma, Visual Design, Typography, Design Systems;Movify SRL;Belgium
BEN00060;Aerts;Leen;UX Designer;Medior;05/12/2020;07/02/2021;64;;;;KBC;UX Designer;08/02/2021;Placed on new project;Figma, User Research, Journey Mapping, Usability Testing;Movify SRL;Belgium
BEN00059;Van Hove;Lotte;Site Reliability Engineer;Medior;01/12/2020;26/01/2021;56;;;;bpost;Site Reliability Engineer;06/10/2021;Placed on new project;Kubernetes, Prometheus, Grafana, Incident response;Movify SRL;Belgium
BEN00058;Girard;Margaux;Functional Analyst;Medior;25/11/2020;25/12/2020;30;;;;GSK;Functional Analyst - GSK;05/03/2022;Placed on new project;Functional Analysis, UML, Requirements, Jira;Movify SRL;Belgium
BEN00057;Patel;Ana;Cloud Engineer (AWS);Senior;20/11/2020;15/01/2021;56;;;;DPG Media;Cloud Engineer (AWS);28/03/2021;Placed on new project;AWS, Terraform, Lambda, CloudFormation, S3;Movify SRL;Belgium
BEN00056;Peeters;Tom;Full-Stack Developer;Junior;18/11/2020;05/12/2020;17;;;;TotalEnergies;Full-Stack Developer;06/12/2020;Placed on new project;JavaScript, TypeScript, React, Node.js, PostgreSQL, REST API;Movify SRL;Belgium
BEN00055;Mehmood;Leila;Test Automation Engineer;Senior;05/11/2020;23/12/2020;48;;;;;;;Placed on new project;Cypress, Playwright, CI/CD, Python;Movify SRL;Belgium
BEN00054;Patel;Ana;Cloud Engineer (AWS);Medior;05/11/2020;03/01/2021;59;;;;DPG Media;Cloud Engineer (AWS);28/03/2021;Placed on new project;AWS, Terraform, Lambda, CloudFormation, S3;Movify SRL;Belgium
BEN00053;Verheyden;Marieke;Cloud Engineer (Azure);Senior;17/10/2020;09/11/2020;23;;;;Belfius;Cloud Engineer (Azure);10/11/2020;Placed on new project;Azure, Terraform, Azure DevOps, ARM Templates;Movify SRL;Belgium
BEN00052;Verheyden;Marieke;Cloud Engineer (Azure);Lead;16/10/2020;09/11/2020;24;;;;Belfius;Cloud Engineer (Azure);10/11/2020;Placed on new project;Azure, Terraform, Azure DevOps, ARM Templates;Movify SRL;Belgium
BEN00051;De Clercq;Jeroen;UI Designer;Medior;13/10/2020;28/11/2020;46;;;;Sibelga;UI Designer - Sibelga;10/01/2021;Placed on new project;Figma, Visual Design, Typography, Design Systems;Movify SRL;Belgium
BEN00050;Gérard;Hugo;Angular Developer;Medior;01/10/2020;21/10/2020;20;;;;Janssen Pharmaceutica;Angular Developer - Janssen Pharmaceutica;22/10/2020;Placed on new project;Angular, TypeScript, RxJS, NgRx, Jasmine;Movify SRL;Belgium
BEN00049;Peeters;Tom;Full-Stack Developer;Lead;15/09/2020;21/10/2020;36;;;;TotalEnergies;Full-Stack Developer;06/12/2020;Placed on new project;JavaScript, TypeScript, React, Node.js, PostgreSQL, REST API;Movify SRL;Belgium
BEN00048;De Clercq;Jeroen;UI Designer;Medior;15/09/2020;07/10/2020;22;;;;Sibelga;UI Designer - Sibelga;10/01/2021;Placed on new project;Figma, Visual Design, Typography, Design Systems;Movify SRL;Belgium
BEN00047;Peeters;Tom;Full-Stack Developer;Senior;13/09/2020;12/11/2020;60;;;;TotalEnergies;Full-Stack Developer;06/12/2020;Placed on new project;JavaScript, TypeScript, React, Node.js, PostgreSQL, REST API;Movify SRL;Belgium
BEN00046;Jacobs;Lore;Business Analyst;Medior;13/09/2020;16/10/2020;33;;;;Orange Belgium;Business Analyst - Orange Belgium;17/10/2020;Placed on new project;Business Analysis, BPMN, SQL, Requirements;Movify SRL;Belgium
BEN00045;Verheyden;Marieke;Cloud Engineer (Azure);Medior;06/09/2020;14/10/2020;38;;;;Belfius;Cloud Engineer (Azure);10/11/2020;Placed on new project;Azure, Terraform, Azure DevOps, ARM Templates;Movify SRL;Belgium
BEN00044;Jacobs;Lore;Business Analyst;Medior;06/09/2020;16/10/2020;40;;;;Orange Belgium;Business Analyst - Orange Belgium;17/10/2020;Placed on new project;Business Analysis, BPMN, SQL, Requirements;Movify SRL;Belgium
BEN00043;David;Florian;Site Reliability Engineer;Medior;30/08/2020;19/10/2020;50;;;;Telenet;Site Reliability Engineer;27/11/2022;Placed on new project;Kubernetes, Prometheus, Grafana, Incident response;Movify SRL;Belgium
BEN00042;Aerts;Leen;UX Designer;Junior;30/08/2020;01/12/2020;93;;;;KBC;UX Designer;08/02/2021;Placed on new project;Figma, User Research, Journey Mapping, Usability Testing;Movify SRL;Belgium
BEN00041;Mehmood;Leila;Test Automation Engineer;Medior;27/08/2020;29/10/2020;63;;;;;;;Placed on new project;Cypress, Playwright, CI/CD, Python;Movify SRL;Belgium
BEN00040;Lambert;Grégoire;Business Analyst;Junior;27/08/2020;28/09/2020;32;;;;De Lijn;Business Analyst - De Lijn;29/09/2020;Placed on new project;Business Analysis, BPMN, SQL, Requirements;Movify SRL;Belgium
BEN00039;Stevens;Lieven;.NET Developer;Senior;18/08/2020;27/11/2020;101;;;;;;;Placed on new project;.NET, C#, ASP.NET, SQL Server, Azure;Movify SRL;Belgium
BEN00038;Henry;Julien;Product Owner;Senior;17/08/2020;29/11/2020;104;;;;DPG Media;Product Owner - DPG Media;30/11/2020;Placed on new project;Scrum, Jira, User Stories, Roadmapping;Movify SRL;Belgium
BEN00037;Stevens;Lieven;.NET Developer;Junior;12/08/2020;02/12/2020;112;;;;;;;Placed on new project;.NET, C#, ASP.NET, SQL Server, Azure;Movify SRL;Belgium
BEN00036;Stevens;Lieven;.NET Developer;Medior;10/08/2020;23/10/2020;74;;;;;;;Placed on new project;.NET, C#, ASP.NET, SQL Server, Azure;Movify SRL;Belgium
BEN00035;David;Florian;Site Reliability Engineer;Junior;07/08/2020;08/11/2020;93;;;;Telenet;Site Reliability Engineer;27/11/2022;Placed on new project;Kubernetes, Prometheus, Grafana, Incident response;Movify SRL;Belgium
BEN00034;David;Florian;Site Reliability Engineer;Medior;03/08/2020;27/11/2020;116;;;;Telenet;Site Reliability Engineer;27/11/2022;Placed on new project;Kubernetes, Prometheus, Grafana, Incident response;Movify SRL;Belgium
BEN00033;Nguyen;Hassan;Android Developer;Medior;30/07/2020;03/11/2020;96;;;;Acerta;Android Developer - Acerta;04/11/2020;Placed on new project;Kotlin, Android, Jetpack Compose, Gradle;Movify SRL;Belgium
BEN00032;Ivanov;Mohamed;Technical Analyst;Medior;26/07/2020;07/10/2020;73;;;;Decathlon;Technical Analyst;08/10/2020;Placed on new project;SQL, UML, Architecture, Documentation;Movify SRL;Belgium
BEN00031;Nguyen;Hassan;Android Developer;Senior;26/07/2020;28/10/2020;94;;;;Acerta;Android Developer - Acerta;04/11/2020;Placed on new project;Kotlin, Android, Jetpack Compose, Gradle;Movify SRL;Belgium
BEN00030;Nguyen;Hassan;Android Developer;Medior;22/07/2020;12/10/2020;82;;;;Acerta;Android Developer - Acerta;04/11/2020;Placed on new project;Kotlin, Android, Jetpack Compose, Gradle;Movify SRL;Belgium
BEN00029;Nguyen;Hassan;Android Developer;Medior;18/07/2020;31/10/2020;105;;;;Acerta;Android Developer - Acerta;04/11/2020;Placed on new project;Kotlin, Android, Jetpack Compose, Gradle;Movify SRL;Belgium
BEN00028;Patel;Ana;Cloud Engineer (AWS);Junior;17/07/2020;18/10/2020;93;;;;DPG Media;Cloud Engineer (AWS);28/03/2021;Placed on new project;AWS, Terraform, Lambda, CloudFormation, S3;Movify SRL;Belgium
BEN00027;Nijs;Lieven;DevOps Engineer;Lead;28/06/2020;06/08/2020;39;;;;GSK;DevOps Engineer;07/08/2020;Placed on new project;AWS, Kubernetes, Terraform, CI/CD, Docker;Movify SRL;Belgium
BEN00026;Peeters;Tom;Full-Stack Developer;Medior;26/06/2020;09/09/2020;75;;;;TotalEnergies;Full-Stack Developer;06/12/2020;Placed on new project;JavaScript, TypeScript, React, Node.js, PostgreSQL, REST API;Movify SRL;Belgium
BEN00025;Nijs;Lieven;DevOps Engineer;Lead;24/06/2020;06/08/2020;43;;;;GSK;DevOps Engineer;07/08/2020;Placed on new project;AWS, Kubernetes, Terraform, CI/CD, Docker;Movify SRL;Belgium
BEN00024;Nijs;Lieven;DevOps Engineer;Medior;22/06/2020;06/08/2020;45;;;;GSK;DevOps Engineer;07/08/2020;Placed on new project;AWS, Kubernetes, Terraform, CI/CD, Docker;Movify SRL;Belgium
BEN00023;Peeters;Tom;Full-Stack Developer;Senior;08/06/2020;24/07/2020;46;;;;TotalEnergies;Full-Stack Developer;06/12/2020;Placed on new project;JavaScript, TypeScript, React, Node.js, PostgreSQL, REST API;Movify SRL;Belgium
BEN00022;Lambert;Grégoire;Business Analyst;Medior;07/06/2020;31/07/2020;54;;;;De Lijn;Business Analyst - De Lijn;29/09/2020;Placed on new project;Business Analysis, BPMN, SQL, Requirements;Movify SRL;Belgium
BEN00021;Lambert;Grégoire;Business Analyst;Medior;02/06/2020;25/08/2020;84;;;;De Lijn;Business Analyst - De Lijn;29/09/2020;Placed on new project;Business Analysis, BPMN, SQL, Requirements;Movify SRL;Belgium
BEN00020;Massart;Amélie;Front-End Developer;Medior;30/05/2020;19/09/2020;112;;;;KBC;Front-End Developer;20/09/2020;Placed on new project;JavaScript, TypeScript, HTML/CSS, React, Tailwind;Movify SRL;Belgium
BEN00019;Segers;Seppe;Tech Lead;Senior;24/05/2020;30/06/2020;37;;;;GSK;Tech Lead - GSK;01/07/2020;Placed on new project;Architecture, Code Review, Mentoring, System Design;Movify SRL;Belgium
BEN00018;Segers;Seppe;Tech Lead;Lead;23/05/2020;30/06/2020;38;;;;GSK;Tech Lead - GSK;01/07/2020;Placed on new project;Architecture, Code Review, Mentoring, System Design;Movify SRL;Belgium
BEN00017;Ivanov;Mohamed;Technical Analyst;Senior;21/05/2020;19/07/2020;59;;;;Decathlon;Technical Analyst;08/10/2020;Placed on new project;SQL, UML, Architecture, Documentation;Movify SRL;Belgium
BEN00016;Aerts;Leen;UX Designer;Senior;19/05/2020;05/08/2020;78;;;;KBC;UX Designer;08/02/2021;Placed on new project;Figma, User Research, Journey Mapping, Usability Testing;Movify SRL;Belgium
BEN00015;Mehmood;Leila;Test Automation Engineer;Senior;17/05/2020;23/08/2020;98;;;;;;;Placed on new project;Cypress, Playwright, CI/CD, Python;Movify SRL;Belgium
BEN00014;Ivanov;Mohamed;Technical Analyst;Medior;17/05/2020;05/07/2020;49;;;;Decathlon;Technical Analyst;08/10/2020;Placed on new project;SQL, UML, Architecture, Documentation;Movify SRL;Belgium
BEN00013;Mehmood;Leila;Test Automation Engineer;Medior;15/05/2020;07/08/2020;84;;;;;;;Placed on new project;Cypress, Playwright, CI/CD, Python;Movify SRL;Belgium
BEN00012;Stevens;Lieven;.NET Developer;Medior;23/04/2020;07/07/2020;75;;;;;;;Placed on new project;.NET, C#, ASP.NET, SQL Server, Azure;Movify SRL;Belgium
BEN00011;Stevens;Lieven;.NET Developer;Senior;21/04/2020;03/07/2020;73;;;;;;;Placed on new project;.NET, C#, ASP.NET, SQL Server, Azure;Movify SRL;Belgium
BEN00010;Stevens;Lieven;.NET Developer;Medior;13/04/2020;31/07/2020;109;;;;;;;Placed on new project;.NET, C#, ASP.NET, SQL Server, Azure;Movify SRL;Belgium
BEN00009;Stevens;Lieven;.NET Developer;Senior;04/04/2020;11/06/2020;68;;;;;;;Placed on new project;.NET, C#, ASP.NET, SQL Server, Azure;Movify SRL;Belgium
BEN00008;De Backer;Maarten;iOS Developer;Senior;30/03/2020;01/06/2020;63;;;;Orange Belgium;iOS Developer;02/06/2020;Placed on new project;Swift, SwiftUI, iOS, Xcode, Combine;Movify SRL;Belgium
BEN00007;De Backer;Maarten;iOS Developer;Medior;29/03/2020;01/06/2020;64;;;;Orange Belgium;iOS Developer;02/06/2020;Placed on new project;Swift, SwiftUI, iOS, Xcode, Combine;Movify SRL;Belgium
BEN00006;Massart;Amélie;Front-End Developer;Senior;27/03/2020;26/05/2020;60;;;;KBC;Front-End Developer;20/09/2020;Placed on new project;JavaScript, TypeScript, HTML/CSS, React, Tailwind;Movify SRL;Belgium
BEN00005;Dehaene;Julie;Full-Stack Developer;Junior;26/03/2020;10/05/2020;45;;;;Solvay;Full-Stack Developer - Solvay;11/05/2020;Placed on new project;JavaScript, TypeScript, React, Node.js, PostgreSQL, REST API;Movify SRL;Belgium
BEN00004;Dehaene;Julie;Full-Stack Developer;Medior;04/03/2020;10/05/2020;67;;;;Solvay;Full-Stack Developer - Solvay;11/05/2020;Placed on new project;JavaScript, TypeScript, React, Node.js, PostgreSQL, REST API;Movify SRL;Belgium
BEN00003;Moreau;Grégoire;Angular Developer;Senior;30/01/2020;18/02/2020;19;;;;Orange Belgium;Angular Developer;20/02/2020;Placed on new project;Angular, TypeScript, RxJS, NgRx, Jasmine;Movify SRL;Belgium
BEN00002;Moreau;Grégoire;Angular Developer;Senior;24/01/2020;08/02/2020;15;;;;Orange Belgium;Angular Developer;20/02/2020;Placed on new project;Angular, TypeScript, RxJS, NgRx, Jasmine;Movify SRL;Belgium
BEN00001;Charlier;Yannick;Project Manager;Medior;21/01/2020;24/01/2020;3;;;;Colruyt;Project Manager;25/01/2020;Placed on new project;Prince2, MS Project, Stakeholder Management, Risk Management;Movify SRL;Belgium
